"Cohort_Year","scenario","ACM_BPUV_Feb1Feb1","ACM_BPUV_Mar1Mar1","Outflow_Jun0Aug0","OMR_AprMar","OMR_Jun","OMR_DecJan","OMR_Feb","OMR_Mar"
1995,"Alt1",878.213010345502,826.461795628686,1124660.70245063,-2605.35904979885,-4663.08650672002,-8825.85579943714,-301.036217980419,-2636.49702419571
1995,"Alt2v1wTUCP",878.213010345502,826.461795628686,1177356.91292592,-2479.4430129285,-4500.54915075645,-4903.22580645161,-4625,-4302.19901600078
1995,"Alt2v1woTUCP",878.213010345502,826.461795628686,1177365.01035391,-2486.69149071409,-4500.85791383094,-4903.22580645161,-4625,-4302.07696427924
1995,"Alt2v2noTUCP",878.213010345502,826.461795628686,1169722.25927736,-2280.31002227037,-4514.14173437898,-4903.22580645161,-4625,-4302.57536050022
1995,"Alt2v3noTUCP",878.213010345502,826.461795628686,1169833.51591212,-2278.86326500735,-4512.45635556447,-4903.22580645161,-4625,-4002.66608330565
1995,"Alt3",878.213010345502,826.461795628686,1181145.60008174,6793.54788508487,-4306.17871332982,-5145.16129032258,5724.22174956264,3303.9441495114
1995,"Alt4",878.213010345502,826.461795628686,1179211.42731259,-2478.80628947073,-4492.61994429908,-4323.54838709677,-4508.62068965517,-4550
1995,"EXP1",1520.623125,1556.69785078063,1992798.84178009,11466.5766901107,12017.9833736625,2126.59587789229,10536.327709029,6966.56063000932
1995,"EXP3",1520.623125,1556.69785078063,1854754.02291515,8993.79195931843,6720.47135259571,2290.72303371411,10197.2425032144,6433.08542156528
1995,"NAA",878.213010345502,826.461795628686,1190348.70926963,-2305.90787485524,-4485.48034616773,-4903.22580645161,-4035.86206896552,-3500
1996,"Alt1",915.54386143781,1058.38171723084,611041.235307666,-4949.14736774259,-4864.08290640649,11079.1342040946,1691.35349183972,-4340.84633073843
1996,"Alt2v1wTUCP",915.54386143781,1059.86248263351,663809.547649958,-4046.71711061007,-4505,11011.7381555306,1121.59092171501,-4410.73568680987
1996,"Alt2v1woTUCP",915.54386143781,1059.86248263351,663818.61694251,-4047.01040524342,-4505,11011.7278621381,1116.73925077213,-4410.03998051136
1996,"Alt2v2noTUCP",915.54386143781,1059.86248263351,664505.569711083,-3840.02899326377,-4505,11011.1838187637,1075.86368499285,-4409.81076040585
1996,"Alt2v3noTUCP",915.54386143781,1059.86248263351,664631.716946862,-3840.3637264481,-4505,11012.5412235369,1083.82129543469,-4409.13440864913
1996,"Alt3",915.54386143781,1022.33951303656,767615.870023662,1788.88586748809,-2711.64056024777,11586.1662349914,7450.26759904478,3229.59718044849
1996,"Alt4",915.54386143781,1059.86248263351,663897.631896294,-4107.51132072008,-4505,11021.7725406152,1205.41687673488,-4408.4516159757
1996,"EXP1",1316.91880232392,1157.32036047302,606254.535642768,4640.56640583779,738.172196755943,24803.1895324281,11351.2665609695,5562.77925244134
1996,"EXP3",1316.91880232392,1157.32036047302,827254.512061268,3729.24096887894,643.798746778428,24549.28222692,10603.9898787105,5197.65127027368
1996,"NAA",915.54386143781,1037.61735963959,670775.902846469,-1381.08393551469,-4854.35336178828,11157.9644745177,2770.23023483585,-3500
1997,"Alt1",1454.30647120596,1548.328584963,756862.956871071,-3105.12636341929,-6881.73813572448,-9111.90776324236,8699.24264906814,1168.00055545608
1997,"Alt2v1wTUCP",1454.30647120596,1548.328584963,782994.227770527,-3237.4478021605,-3772.71203342755,-4903.22580645161,3648.092115507,-4375.33385037387
1997,"Alt2v1woTUCP",1454.30647120596,1548.328584963,783924.701837673,-3237.45696060855,-3772.70259949461,-4903.22580645161,3648.17732149014,-4375.29240949233
1997,"Alt2v2noTUCP",1454.30647120596,1548.328584963,785069.01182036,-3024.33528804385,-3772.70386340139,-4903.22580645161,3647.71010908875,-4375.56354457084
1997,"Alt2v3noTUCP",1454.30647120596,1548.328584963,784508.414217311,-3024.56017546583,-3772.6471524158,-4903.22580645161,3650.16556467953,-4374.57404622026
1997,"Alt3",1454.30647120596,1548.328584963,779431.651632386,450.803442595924,-1328.60870015355,-3642.05690937744,4647.82416898704,-2204.05889307251
1997,"Alt4",1454.30647120596,1548.328584963,784703.00621007,-3236.32705486129,-3772.43349958482,-4323.54838709677,3658.42765461388,-4371.21155632034
1997,"EXP1",1583.06942194717,1717.68773175698,129682.297138217,2484.11127350991,-96.1307244135952,2239.65829689379,20997.7404418355,9935.80063199442
1997,"EXP3",1583.06942194717,1717.68773175698,592194.311480029,2583.48421248826,482.465082438839,1825.97127056172,19404.4844801448,9191.59192687897
1997,"NAA",1454.30647120596,1548.328584963,787162.536407238,-2138.38922813686,-4578.9193236057,-4903.22580645161,3439.65576145488,-3500
1998,"Alt1",2027.61634171679,1690.34464597254,2125574.6574097,-181.240034854302,-2200.8918363557,-8538.86147628352,-3797.54284719777,-5807.63779697563
1998,"Alt2v1wTUCP",2027.61634171679,1690.34464597254,2114476.21538966,-1641.40229295798,-2257.31846582864,-4903.22580645161,-4625,-4550
1998,"Alt2v1woTUCP",2027.61634171679,1690.34464597254,2114484.53405559,-1641.22180440006,-2257.21512882799,-4903.22580645161,-4625,-4550
1998,"Alt2v2noTUCP",2027.61634171679,1690.34464597254,2107729.28447007,-1434.98799056122,-2257.70212505896,-4903.22580645161,-4625,-4550
1998,"Alt2v3noTUCP",2027.61634171679,1690.34464597254,2107812.11296857,-1433.60066444527,-2256.18112329458,-4903.22580645161,-4625,-4469.16715444445
1998,"Alt3",2027.61634171679,1690.34464597254,2268737.09313064,3487.83660177464,857.953717259133,-1296.79837480113,3086.04304563096,693.878277108668
1998,"Alt4",2027.61634171679,1690.34464597254,2116036.59309797,-1834.66516778108,-2250.94812048888,-4323.54838709677,-4517.85714285714,-4550
1998,"EXP1",2027.99125,1824.3850836399,3113705.87605672,9951.95821438786,14808.0975308177,1693.17377740512,6874.79232826329,3846.89368992846
1998,"EXP3",2027.99125,1824.3850836399,2848189.64403109,9514.20177029175,9101.48220331076,1782.6216217144,6870.36023010239,3353.93174920294
1998,"NAA",2027.61634171679,1690.34464597254,2108506.99981057,-1526.76918657849,-2338.59653875349,-4903.22580645161,-4020.71428571429,-3500
1999,"Alt1",783.428470771733,418.547771431382,668010.65909361,-4019.16280231171,-5960.53388426852,-8939.0283540224,-4575.72049662618,-6938.1782913896
1999,"Alt2v1wTUCP",783.428470771733,418.547771431382,710718.617095572,-3804.31931827409,-4505,-3761.22183863515,-4448.88168292892,-4025
1999,"Alt2v1woTUCP",783.428470771733,418.547771431382,710771.951802256,-3802.80986044535,-4505,-3762.6685798437,-4448.83930098024,-4025
1999,"Alt2v2noTUCP",783.428470771733,418.547771431382,713719.001982603,-3584.7752255374,-4505,-3730.41014122582,-4449.03927769314,-4025
1999,"Alt2v3noTUCP",783.428470771733,418.547771431382,714503.803781242,-3474.60827978288,-4505,-3732.39831210725,-4455.08296721601,-3942.33904137993
1999,"Alt3",783.428470771733,418.547771431382,730356.954497434,734.324140143094,-1727.86622377178,-1036.43998352681,-4120.4335852937,-5000
1999,"Alt4",783.428470771733,418.547771431382,710019.950572815,-3832.29858399424,-4505,-3842.84852115768,-4447.65202697115,-4025
1999,"EXP1",1141.4037340315,611.897680705642,423102.607884088,2632.14013399676,607.900173144643,1236.45821266105,9623.05567696811,5576.93473801148
1999,"EXP3",1137.23842062519,611.897680705642,681749.110700442,2125.33996654892,430.485121620667,1405.1697115083,8978.34116239533,5013.01118079729
1999,"NAA",785.299643086084,418.547771431382,742853.314670845,-2275.08194392961,-4666.7017669134,-3462.78804537846,-4160,-3500
2000,"Alt1",1519.83547516963,1227.39455771535,692646.589329813,-4168.5912139117,-6620.61908886968,-7662.29643800866,-9307.62350471708,-6705.15287444309
2000,"Alt2v1wTUCP",1752.57379209537,1371.67789139037,767038.457317748,-3829.89243734644,-4490,-4440.72832883962,-3580.35714285714,-3905
2000,"Alt2v1woTUCP",1752.57379209537,1371.67789139037,767026.905318998,-3829.87045144544,-4490,-4441.49720314626,-3580.35714285714,-3905
2000,"Alt2v2noTUCP",1752.57379209537,1387.88262482232,773907.026902636,-1979.20368809403,-4490,-4266.10281453474,-3580.35714285714,-1890.02473104957
2000,"Alt2v3noTUCP",1752.57379209537,1387.88262482232,770950.439580763,-1938.7342391246,-4490,-4288.33954208964,-3580.35714285714,-1784.18756952803
2000,"Alt3",1748.6941966122,1363.60580852223,687171.085113198,729.778662904733,-1312.3579098915,-3483.82967997488,-5000,-5000
2000,"Alt4",1737.09174918255,1363.60580852223,766651.556380458,-3862.28481825449,-4490,-4567.89329017065,-5267.85714285714,-3950
2000,"EXP1",1115.98125171632,1034.75765265064,239848.02715476,3130.70461288176,10.7260205862242,628.200657739619,1564.78523466398,1316.27052450081
2000,"EXP3",1115.98125171632,1034.75765265064,602252.39722365,2470.56833210425,-2.66805657969098,638.841059456825,1570.0653148271,1215.03202603869
2000,"NAA",1748.6941966122,1363.60580852223,790279.21903231,-1600.8991065175,-4999.99999999999,-4553.28927365348,-4316.42857142857,-4070
2001,"Alt1",662.483856029273,767.769509715595,478851.271588852,-2803.71509821165,-2993.08247686836,-9473.04238503889,-5991.16516002732,-5801.36480601784
2001,"Alt2v1wTUCP",662.483856029273,756.773086389094,492978.164683878,-2482.58678785118,-3939.60841261432,-4583.14516129032,-4030.35714285714,-3500
2001,"Alt2v1woTUCP",662.483856029273,756.773086389094,493049.78332083,-2482.59494949054,-3937.0994053829,-4583.14516129032,-4030.35714285714,-3500
2001,"Alt2v2noTUCP",662.483856029273,753.007695289278,497398.499998956,-2336.26795976541,-3363.11086735814,-4583.14516129032,-4030.35714285714,-1485.02473104957
2001,"Alt2v3noTUCP",662.483856029273,753.007695289278,494626.10381557,-2048.25347459338,-3343.341934116,-4583.14516129032,-4030.35714285714,-1366.12680714226
2001,"Alt3",708.79275682894,777.662874412983,655400,-363.620520191067,-1186.36339043719,-2223.51554449478,-493.313972402026,-75.8067506095889
2001,"Alt4",662.483856029273,756.773086389094,476500,-2490.99493651267,-3728.48876690137,-4323.54838709677,-4400,-3500
2001,"EXP1",565.51892938013,828.738499934964,15909.303837421,537.050306420664,-616.976635241152,1401.14351992025,1112.4114933876,1246.12362502016
2001,"EXP3",565.51892938013,828.738499934964,386932.202421335,600.40195489295,-533.246832491364,1137.85776112051,770.79698460908,973.283156866099
2001,"NAA",662.483856029273,756.773086389094,533910.34087449,-2201.5230376373,-3382.51625141769,-4903.22580645161,-4143.92857142857,-3500
2002,"Alt1",1021.79615089536,816.589633131933,578551.426083191,-2879.60262863788,-6222.38416064799,-9481.87261277573,-7748.80992450475,-6393.47515943684
2002,"Alt2v1wTUCP",958.649559014866,731.684363843568,568354.257499124,-2688.86437038789,-4475,-4827.01612903226,-3741.07142857143,-3500
2002,"Alt2v1woTUCP",958.649559014866,731.684363843568,568358.11445903,-2688.89524133417,-4475,-4827.01612903226,-3741.07142857143,-3500
2002,"Alt2v2noTUCP",958.649559014866,728.796951356025,573532.007963389,-2054.9102055279,-4475,-4827.01612903226,-3741.07142857143,-1429.23742340139
2002,"Alt2v3noTUCP",958.649559014866,728.534762017005,556002.154964922,-1905.81528262313,-4475,-4827.01612903226,-3741.07142857143,-1356.6989888409
2002,"Alt3",951.362299004361,697.928175072357,626187.5,-372.288910849185,-2009.32613247252,-2155.97549259548,-2088.53241319883,69.7940256112006
2002,"Alt4",957.969624577116,733.291287285782,568350.502611117,-2689.64187567163,-4475,-4323.54838709677,-4517.85714285714,-3500
2002,"EXP1",1461.30504483642,1749.27530812336,31036.8149802234,500.179695834642,-653.335724167025,1515.74481003802,1184.48702250593,1145.88696678169
2002,"EXP3",1461.30504483642,1749.27530812336,455466.810848411,413.067375615487,-554.281269147959,1269.94718503201,947.784665926329,926.034052494823
2002,"NAA",958.649559014866,733.291287285782,541675.573158123,-2321.84219133344,-5000,-4903.22580645161,-4020.71428571429,-3500
2003,"Alt1",1099.20963920472,1180.1289294127,658728.794293632,-3894.53774974537,-6351.00581487647,-9680.98987244503,-9141.85344221989,-9580.41946504974
2003,"Alt2v1wTUCP",1099.20963920472,1182.14160045426,741584.051743719,-2888.58689803054,-4490,-4816.85483870968,-4187.93103448276,-3575
2003,"Alt2v1woTUCP",1099.20963920472,1182.14160045426,741573.560486844,-2888.4334907451,-4490,-4816.85483870968,-4187.93103448276,-3575
2003,"Alt2v2noTUCP",1099.20963920472,1182.14160045426,734643.082134637,-1879.66930186527,-4490,-4816.85483870968,-4187.93103448276,-2982.36021501458
2003,"Alt2v3noTUCP",1099.20963920472,1182.14160045426,729755.103854543,-1806.90831865552,-4490,-4816.85483870968,-4187.93103448276,-2894.64111970692
2003,"Alt3",1099.20963920472,1183.24787839182,704875.014,-95.7845005832262,-858.418668417895,-3543.5793557026,-5000,-1468.18625142843
2003,"Alt4",1099.20963920472,1182.14160045426,741682.372580432,-2900.68279165386,-4490,-4323.54838709677,-4658.62068965517,-4025
2003,"EXP1",1295.92416030304,2065.535,307369.660374278,1038.66651856889,-450.427414646484,1005.62362053224,2126.07138642153,1481.78152727998
2003,"EXP3",1295.92416030304,2065.535,746498.56901557,581.458414674895,-522.795875408217,1050.66193899101,2146.2786926265,1154.83695457117
2003,"NAA",1099.20963920472,1182.14160045426,774115.607028361,-2179.72583910739,-5000,-4903.22580645161,-4160,-3500
2004,"Alt1",456.551461282193,472.457171595554,717389.25556749,-2925.60200167323,-7838.71585751468,-9253.01225255575,-7440.25747632353,-6714.21260264036
2004,"Alt2v1wTUCP",456.189769073998,468.710055262214,802014.026281141,-2649.33179988272,-4490,-4816.85483870968,-4030.35714285714,-3500
2004,"Alt2v1woTUCP",456.189769073998,468.710055262214,802001.653029908,-2649.33945850366,-4490,-4816.85483870968,-4030.35714285714,-3500
2004,"Alt2v2noTUCP",456.189769073998,461.650556737669,794019.832363439,-1526.0759884768,-4490,-4816.85483870968,-4030.35714285714,-1173.88884393223
2004,"Alt2v3noTUCP",456.189769073998,462.328720848075,792628.681078146,-1264.18632837039,-4490,-4816.85483870968,-4030.35714285714,-1173.88884393223
2004,"Alt3",458.403869168883,462.149574839004,747339.979904379,-362.674933074918,-1660.09238616152,-803.491442373259,-3074.01206728423,-5000
2004,"Alt4",456.189769073998,468.710055262214,801634.466746984,-2663.72368623825,-4490,-4323.54838709677,-4667.85714285714,-3500
2004,"EXP1",711.326041202741,905.421992694287,94261.5102641992,397.442905567995,-642.027001204738,2089.82305873999,3704.26346884497,6321.09795950453
2004,"EXP3",711.326041202741,906.832383921121,530609.490005985,427.223925164583,-510.806009992887,1726.53613104924,4120.62754960204,5791.00544999434
2004,"NAA",456.189769073998,468.710055262214,838149.449929849,-2455.14663619968,-4689.4333333128,-4903.22580645161,-4143.92857142857,-3500
2005,"Alt1",1199.92106669895,1379.65190268567,921673.718770756,-4473.09411845949,-6560.08183344079,-7606.73403495301,-4751.34029191939,-724.214184754131
2005,"Alt2v1wTUCP",1199.92106669895,1379.65190268567,908185.374557873,-3823.10606372836,-4850,-5145.16129032258,-4464.28571428571,-3039.36470169982
2005,"Alt2v1woTUCP",1199.92106669895,1379.65190268567,908185.134048868,-3823.12687506048,-4850,-5145.16129032258,-4464.28571428571,-3067.52552142756
2005,"Alt2v2noTUCP",1199.92106669895,1379.65190268567,908226.457771273,-3573.723158666,-4850,-5145.16129032258,-4464.28571428571,-1789.89181356641
2005,"Alt2v3noTUCP",1199.92106669895,1379.65190268567,915754.730023986,-3487.69433358181,-4850,-5145.16129032258,-4464.28571428571,-1419.65211886977
2005,"Alt3",1201.37191883287,1379.65190268567,977562.5,-78.2647319771286,-654.314393663384,-1419.26991754424,2259.89556454285,4614.77681853233
2005,"Alt4",1199.92106669895,1379.65190268567,908192.33527666,-3822.51840145174,-4475,-4323.54838709677,-5000,-3934.11051849016
2005,"EXP1",1583.325625,1713.63180387636,1167497.49607223,8981.41799069204,6041.2395265635,4873.63609177901,4638.40697846121,7789.05188684732
2005,"EXP3",1583.325625,1713.7005189312,1289142.09959437,5763.85831086135,4504.01720121329,4700.77393010291,6006.3849899137,7953.24880377385
2005,"NAA",1199.92106669895,1379.65190268567,908285.79212099,-2169.48498343238,-5000,-4903.22580645161,-4464.28571428572,-1965.17007702344
2006,"Alt1",597.706505691785,356.774255283065,711949.5,2979.44102281666,-4260.59439555721,-7925.08472598558,-9358.94020158324,-4486.4559227664
2006,"Alt2v1wTUCP",598.530505163144,343.470355118571,758761.9986,2894.28861315716,-4217.54738864306,-5145.16129032258,-4030.35714285714,-3500
2006,"Alt2v1woTUCP",598.530505163144,343.470355118571,758761.9986,2894.18771471097,-4217.56407594592,-5145.16129032258,-4030.35714285714,-3500
2006,"Alt2v2noTUCP",598.530505163144,329.395854283005,758761.9986,3105.74744590547,-4218.65230269859,-5145.16129032258,-4030.35714285714,-1394.71166988478
2006,"Alt2v3noTUCP",598.530505163144,326.56747537083,758761.9986,3107.5878960344,-4217.70677230645,-5145.16129032258,-4005.04535801191,-1230.8156262973
2006,"Alt3",644.13605044051,312.750206280519,805303.566826037,10335.3687915558,-2455.17615004939,-1793.63349472448,-2031.7083604774,-642.265147172177
2006,"Alt4",597.706505691785,343.445917076391,758761.9986,2900.31580368627,-4214.44769395563,-4783.22580645161,-4667.85714285714,-3500
2006,"EXP1",533.055597077675,341.234520827561,983762.301606336,17345.064317502,5196.38907155402,651.35636402826,1751.75501728222,1119.88364712305
2006,"EXP3",533.055597077675,341.234520827561,1117635.20589818,14052.9776372995,4619.62814978635,733.891818584165,1847.9980056897,961.200019880972
2006,"NAA",597.821555375151,343.445917076391,768845.331934,2884.33289375443,-4217.07220270142,-5145.16129032258,-4143.92857142857,-3500
2007,"Alt1",823.052549750241,797.759244342899,638719.834734941,-2606.45415583367,-7032.59996842209,-6344.32678651517,-7603.99738850656,-4885.52732733433
2007,"Alt2v1wTUCP",822.108268814179,811.526946354876,618943.481705442,-2603.23781698609,-4475,-3176.79620484902,-4040.51724137931,-3846.43417894961
2007,"Alt2v1woTUCP",822.108268814179,811.526946354876,618951.774733691,-2603.24922402958,-4475,-3175.78631758635,-4040.51724137931,-3846.41667450976
2007,"Alt2v2noTUCP",822.108268814179,808.587622703295,619272.13489912,-2215.91937424205,-4475,-3407.46600413617,-4040.51724137931,-2573.3121245611
2007,"Alt2v3noTUCP",822.108268814179,802.41076439084,623311.374632018,-2221.22475683152,-4475,-3420.76503146368,-4040.51724137931,-2417.71657981317
2007,"Alt3",821.919700778187,768.126853114824,647000,-474.349645939652,-1767.57648873619,-1199.66363634814,-90.0962867567049,-786.141047570807
2007,"Alt4",822.108268814179,811.526946354876,618888.92236318,-2603.97886731827,-4475,-3204.99923989971,-4658.62068965517,-3844.02913604761
2007,"EXP1",907.770478061534,844.125534916549,31378.9731488803,381.273047805244,-695.352854565651,1186.51960623801,1267.49751157376,746.084851752489
2007,"EXP3",907.770478061534,844.125534916549,445500,457.456321591397,-625.795578895294,1129.70820019885,1025.65647314254,572.266475736363
2007,"NAA",822.022999325284,811.526946354876,628884.178778925,-2317.90734721499,-5000,-3059.97390760894,-4159.99999999999,-3857.32918847919
2008,"Alt1",751.194959921589,552.646414775915,476500,-1837.03853168499,-5240.60766505751,-1848.98040789574,-9124.14350972276,-8740.75936441516
2008,"Alt2v1wTUCP",780.930146663762,499.96143741028,483012.223551327,-1910.82970640118,-4400,-2606.41848947565,-3808.03571428571,-3905
2008,"Alt2v1woTUCP",780.930146663762,499.96143741028,483018.26759113,-1911.00812929095,-4400,-2603.32845538435,-3808.03571428571,-3905
2008,"Alt2v2noTUCP",780.930146663762,500.589297384102,484610.483865041,-1741.64264485981,-3349.2851988792,-2665.1800568546,-3808.03571428571,-3860.55201612609
2008,"Alt2v3noTUCP",780.930146663762,500.589297384102,485166.444942046,-1432.91343240248,-3301.6686870039,-2632.74943647251,-3808.03571428571,-3781.40867064222
2008,"Alt3",820.532301091554,507.318569222567,655400,-613.674554790676,-3109.45240870819,-572.471168072226,-5000,-5000
2008,"Alt4",770.904885192299,506.052622974606,476500,-1967.67483468111,-4400,-2373.58296213558,-5000,-3950
2008,"EXP1",705.718035248908,685.944883666353,25569.6581040225,191.772457325652,-697.86550974943,545.074168016813,1946.70542445299,1330.53165258229
2008,"EXP3",705.718035248908,685.944883666353,383500,215.272135006258,-713.883699061546,513.240978274253,1567.99789742327,766.731304352124
2008,"NAA",762.16847302483,507.318569222567,484334.425049372,-1820.02121188963,-5000,-2625.90362006799,-4415,-4070
2009,"Alt1",643.487645781482,495.284827506967,555724.99,-3063.92753402026,-5243.03123153877,-6634.9535700664,-9354.6773817273,-6086.47401108045
2009,"Alt2v1wTUCP",621.090347427761,490.306308041773,555724.99,-2852.33776062851,-4400,-3158.23849700265,-4030.35714285714,-3500
2009,"Alt2v1woTUCP",621.090347427761,490.306308041773,555724.99,-2852.01774350229,-4400,-3158.76496363018,-4030.35714285714,-3500
2009,"Alt2v2noTUCP",617.53472105369,491.51576308459,541975,-1628.93931316351,-4400,-3213.05262063017,-4030.35714285714,-1485.02473104957
2009,"Alt2v3noTUCP",617.157070820229,486.383592347641,528225.01,-1607.6949792164,-4307.08705602878,-3198.94048747016,-4030.35714285714,-1340.00581142367
2009,"Alt3",617.53472105369,490.94589404312,717823.46,-82.6907480850655,-912.916500893339,-2171.74966533732,-5000,-391.901960332956
2009,"Alt4",621.090347427761,490.306308041773,555724.99,-2920.06819095776,-4166.23542618484,-3196.47349554962,-4667.85714285714,-3500
2009,"EXP1",1026.55147458166,733.089207913603,31332.2628165704,1047.42731482082,-384.090311338384,1061.11104695595,1899.89568967992,1691.95763523808
2009,"EXP3",1026.55147458166,733.089207913603,538104.314269774,502.293125048528,-501.853273274836,976.046745590044,1534.18546366459,1119.32707645409
2009,"NAA",633.502167895718,489.071873822267,548850.01,-2308.17873931276,-4530.30964963819,-3462.92683176899,-4143.92857142857,-3500
2010,"Alt1",417.731735234818,298.281179780871,607646.868891587,-4462.54905403734,-5139.69500103057,-7585.80296003293,-3585.71301953266,2173.32266874906
2010,"Alt2v1wTUCP",423.698228151253,298.281179780871,636723.964413784,-3474.452648739,-4475,-4903.22580645161,-3797.01261655839,2772.90458950298
2010,"Alt2v1woTUCP",423.698228151253,298.281179780871,636863.661687581,-3474.74490919084,-4475,-4903.22580645161,-3806.09900996383,2772.73715713156
2010,"Alt2v2noTUCP",423.698228151253,298.281179780871,632549.244944101,-2992.00015828576,-4475,-4903.22580645161,-4223.21428571429,3459.15780042644
2010,"Alt2v3noTUCP",423.698228151253,298.281179780871,604493.369952969,-2910.14340495185,-4475,-4903.22580645161,-4223.21428571429,3512.26672127055
2010,"Alt3",434.128547290203,298.281179780871,637985.538786947,82.8517067561569,-4194.26610045191,-909.618689708261,3207.5830631872,7676.48279296313
2010,"Alt4",423.698228151253,298.281179780871,637623.632081822,-3503.07101778411,-4475,-5023.82435748176,-3852.50351667539,2543.35658511249
2010,"EXP1",478.835080564152,507.6619301874,897903.835705098,2046.1776241416,2817.47470428054,6887.79981415732,5665.69842560983,12919.3595960221
2010,"EXP3",478.835080564152,507.6619301874,952036.528936572,1533.41518247575,1091.72001840327,6273.07762898598,7172.04215450493,12759.7262341386
2010,"NAA",423.698228151253,298.281179780871,634801.479025753,-1744.22423033915,-5000,-4903.22580645161,-2290.75058598573,2573.56845835868
2011,"Alt1",602.176586872263,446.194394676139,1353974.07281555,-4290.85677777541,-5926.23140317397,-6256.60728212909,-3650.03423007133,-6247.3884929652
2011,"Alt2v1wTUCP",611.162520994067,453.161632277202,1385458.01208907,-4322.2194990727,-5000,-5084.28466080767,-3199.3334515132,-3905
2011,"Alt2v1woTUCP",611.162520994067,453.161632277202,1385427.1074461,-4322.29379415162,-5000,-5084.02215375326,-3199.04895050293,-3905
2011,"Alt2v2noTUCP",609.130358608133,456.011824298189,1387672.5605944,-4257.70830139434,-5000,-5573.10175927744,-3201.41419712138,-3860.55201612609
2011,"Alt2v3noTUCP",608.659301041028,455.088834471316,1387650.40744069,-4256.48550989964,-5000,-5573.56324092541,-3152.69655838124,-3695.36198169957
2011,"Alt3",651.090338760294,431.451789266901,1141492.03740165,4144.06152103338,-5000,-2497.52605621137,-1369.79762479062,-717.247561091219
2011,"Alt4",611.162520994067,455.128689111566,1402394.123562,-4216.43820391611,-4505,-5087.59050159072,-3198.78745833766,-3950
2011,"EXP1",583.356177316416,417.42709367699,2140339.57326868,9066.71457869535,9127.16213361457,570.611280629196,804.207040860394,1392.19977558338
2011,"EXP3",583.356177316416,417.42709367699,2104733.07473296,7626.98385981888,5593.67146363645,691.821078545299,880.455357095355,1367.33991999963
2011,"NAA",606.706161765688,459.646790132702,1398815.52839466,-2725.97903870218,-5000,-5940.01981848848,-3652.84728401261,-4070
2012,"Alt1",1018.42111613073,561.55548553028,576654.336741265,-3244.285628617,-6316.33418131108,-9441.69493695986,-5233.45748073918,-3348.18142419561
2012,"Alt2v1wTUCP",960.648711889091,643.551592317187,572445.536209351,-2911.23289546968,-4475,-4827.01612903226,-3875,-3500
2012,"Alt2v1woTUCP",960.648711889091,643.551592317187,572800.962507699,-2910.9026050505,-4475,-4827.01612903226,-3875,-3500
2012,"Alt2v2noTUCP",960.648711889091,705.831335878222,573730.146772339,-1671.54935102055,-4475,-4827.01612903226,-3875,-1519.94767846136
2012,"Alt2v3noTUCP",960.648711889091,707.731304951334,569300.639435338,-1641.79113578654,-4475,-4827.01612903226,-3850.34625199603,-1361.1908068223
2012,"Alt3",960.648711889091,710.889273334299,647000,-416.411187484965,-1189.34055951099,-4587.13869436658,-86.9278612853138,-755.8800365547
2012,"Alt4",960.648711889091,643.551592317187,572547.803397051,-2935.08946524921,-4475,-4323.54838709677,-4250,-3500
2012,"EXP1",960.049392938714,562.056381362839,50683.7381511693,574.720624589098,-656.271175897177,1655.03296531341,915.865794323522,748.011823981923
2012,"EXP3",960.049392938714,562.056381362839,445500,519.320866498134,-564.939429471875,1174.17611688468,614.13181178036,564.177514251265
2012,"NAA",960.648711889091,650.974269282197,596753.550010665,-2198.56635662985,-5000,-4903.22580645161,-4460,-3500
2013,"Alt1",988.956357405006,627.784447755754,481553.255401413,-2762.46370743949,-6007.32272376937,-2085.39942853388,-5340.83311035645,-5054.6161214747
2013,"Alt2v1wTUCP",1000.77606237913,635.543805030536,476500,-1655.91891366623,-4400,-1476.61396278362,-3808.03571428571,-4325
2013,"Alt2v1woTUCP",998.280102488189,635.216344828234,476500,-1655.89362629153,-4400,-1302.32383277302,-3808.03571428571,-4325
2013,"Alt2v2noTUCP",981.090619125972,635.216344828234,476796.132216084,-2137.61756011856,-4400,-1000.89685796233,-3808.03571428571,-4280.55201612609
2013,"Alt2v3noTUCP",1002.4960560135,603.62122974595,476796.498269225,-1334.64885829963,-4400,-1232.05290754201,-3808.03571428571,-4280.55201612609
2013,"Alt3",992.638572945947,633.882372762245,655400,-527.590154349418,-1297.29840727287,-493.984551800891,-4660.40937937279,-5000
2013,"Alt4",1005.52418531636,575.282906049437,476500,-1655.91891324233,-4400,-1320.696397056,-5000,-4775
2013,"EXP1",963.340199192811,533.934685741341,8976.54735393183,174.195279640536,-638.898503891769,26.8813540144393,1018.71939431406,946.619456912714
2013,"EXP3",963.340199192811,533.934685741341,383500,226.398322653246,-584.874925266782,103.314305095974,1029.90927841397,921.024331616846
2013,"NAA",990.816892062065,635.216344828234,476500,-1588.0224746933,-5000,-953.912943848491,-4113.88609589323,-4625
2014,"Alt1",662.350840587954,272.427665537885,337000,-1442.3842537809,-2172.05056211862,-6359.49487983311,-7358.52891534709,-1292.01698022552
2014,"Alt2v1wTUCP",685.499889906617,261.335519090421,276000,-1585.41771734428,-1459.55247409021,-4728.82199264591,-3982.14285714286,-2497.90528497327
2014,"Alt2v1woTUCP",685.499889906617,277.86123013442,337000,-1313.28909890664,-2414.35891633503,-4734.8707556094,-3982.14285714286,-1299.87751470016
2014,"Alt2v2noTUCP",683.961817199687,277.86123013442,337000,-1363.19150112918,-2381.36342886259,-4732.98092220044,-3982.14285714286,-1300.33424732135
2014,"Alt2v3noTUCP",686.57816953679,278.509808387419,337000,-1323.40023987335,-2453.54354589011,-4779.16087884443,-3982.14285714286,-1299.77984952668
2014,"Alt3",992.769488835449,269.291984548442,492000,-454.228619375396,-1536.25148459194,-1440.64548663469,-2121.12052320307,-1990.36856865184
2014,"Alt4",674.275429717473,262.840815139004,276000,-1528.66792073294,-1444.95425012549,-4359.51668475086,-5000,-2423.48404774629
2014,"EXP1",662.683909195826,265.48050427885,0,86.568590785983,-748.818663668804,891.093274373441,876.067009200035,470.179479143505
2014,"EXP3",662.683909195826,265.48050427885,276000,239.9230711299,-725.172031788054,1025.19763508358,803.690804639679,471.696367445544
2014,"NAA",688.850096479692,260.817164269321,276000,-1409.24751534406,-1670.646639317,-4801.69092922208,-4316.42857142857,-2374.71250761453
2015,"Alt1",1268.06537420636,486.592853492011,430000,-1468.18011555649,-1693.44750003558,-5384.02538592117,-1747.21342196723,-9035.25183231462
2015,"Alt2v1wTUCP",1268.06537420636,484.654393429193,329702.476236529,-1114.98901034206,-1729.31501328209,-2784.40789720811,-3582.06828842654,-3905
2015,"Alt2v1woTUCP",1268.06537420636,484.654393429193,430000,-1441.72793952685,-1544.7509502295,-4223.77649753319,-2907.92583869541,-3905
2015,"Alt2v2noTUCP",1268.06537420636,484.778061841701,430000,-1416.19358381339,-1583.83849404747,-4743.29552874251,-2671.91644476063,-1890.02473104957
2015,"Alt2v3noTUCP",1268.06537420636,484.778061841701,430000,-1443.96054597169,-1532.6914468194,-2246.22283085228,-2719.99434757511,-1890.02473104957
2015,"Alt3",1251.53591536927,484.778061841701,492000,-613.01676303591,-1577.46792859194,-2367.12416890916,88.7768203223479,-5000
2015,"Alt4",1268.06537420636,484.654393429193,316374.362095344,-1145.03758253919,-1719.30243702841,-2132.54798615154,-3598.44965543801,-3950
2015,"EXP1",1460.73643180497,714.371022059999,0,-57.3880448846206,-985.426431643806,1058.45654777028,1098.79394445712,2729.31560233112
2015,"EXP3",1460.73643180497,714.371022059999,276000,86.2183638879728,-955.357220561431,1184.16336647621,746.982087005721,1534.96219177158
2015,"NAA",1268.06537420636,484.654393429193,317888.316606645,-1196.44447581631,-1934.1529784744,-3237.40568367371,-3247.84059123268,-4070
2016,"Alt1",1110.60625,792.6025,595510.486643443,-2946.01245767894,-1607.93661425867,-8591.77328167401,15376.7991666213,-2440.01921406479
2016,"Alt2v1wTUCP",1110.60625,792.6025,563277.376337151,-2817.77951171317,-4475,-4903.22580645161,13188.1223571224,-3009.00337188754
2016,"Alt2v1woTUCP",1110.60625,792.6025,563525.406919236,-2815.72890287723,-4475,-4903.22580645161,13284.302309843,-3005.47273474568
2016,"Alt2v2noTUCP",1110.60625,792.6025,558827.891787253,-2293.15551506753,-4475,-4903.22580645161,13153.7210842627,-3006.42065071757
2016,"Alt2v3noTUCP",1110.60625,792.6025,565308.088319644,-2238.70789569747,-4475,-4903.22580645161,13154.0754909394,-2171.28765734874
2016,"Alt3",1110.60625,792.6025,572869.161982335,-247.538116691499,-1692.81525303783,-2347.83985024584,19036.9450158665,3994.12705569728
2016,"Alt4",1110.60625,792.6025,561854.631692078,-2828.98737225098,-4475,-4323.54838709677,13233.7513691426,-3003.30719786755
2016,"EXP1",1110.60625,792.6025,74545.6243483041,974.886765480237,-597.179997701294,6215.16332126192,31352.0710788677,12432.9386204601
2016,"EXP3",1110.60625,792.6025,491967.175257694,658.664381732698,-504.764087804671,3445.58241656988,29710.8082016457,11560.8333502784
2016,"NAA",1110.60625,792.6025,600532.297723083,-2069.96035189962,-4999.99999999998,-4903.22580645161,14717.7261985833,-2645.78162520616
