"Date","OUTFLOW","OMR","X2_prev","X2_current"
1921-11-30,4500,-8576.64457017589,80.06121,82.99984
1921-12-31,17494.2124194341,-5290.32258064516,82.99984,75.01994
1922-01-31,18950.8403880562,-4343.38709677419,75.01994,67.41344
1922-02-28,57880.2403200383,-4550,67.41344,56.272724
1922-03-31,45053.8333047138,-1248.88884393223,56.272724,56.710655
1922-04-30,32652.5933897587,-3344.33090273476,56.710655,59.775772
1922-05-31,32838.6749237492,-3015.68378985824,59.775772,60.33961
1922-06-30,8934.8955,-4217.71550625888,60.33961,72.80148
1922-07-31,8244,-9380.89035919357,72.80148,81.209274
1922-08-31,6188.9033,-9700.31854690642,81.209274,83.56275
1922-09-30,11250,-8475.52776792558,83.56275,79.97836
1922-10-31,9062.5,-4678.19434818151,79.97836,79.91461
1922-11-30,7573.69332651822,-8614.08186091553,79.91461,82.9196
1922-12-31,42290.9724192412,-5290.32258064516,82.9196,61.214535
1923-01-31,33403.6032242513,-4343.38709677419,61.214535,59.7893
1923-02-28,19030.6104019684,-3741.07142857143,59.7893,64.91923
1923-03-31,14267.3434088775,-1543.79197524023,64.91923,69.98171
1923-04-30,24799.7566288077,-2292.21040551896,69.98171,65.10537
1923-05-31,11922.581,-3398.08829615462,65.10537,71.744705
1923-06-30,6875,-4475,71.744705,80.9592
1923-07-31,6904.09414902807,-9411.91404601612,80.9592,83.8944
1923-08-31,4000,-9343.35981298964,83.8944,87.05388
1923-09-30,4517.45636881564,-7424.26158049872,87.05388,89.70406
1923-10-31,4000,-5922.50847218546,89.70406,91.17993
1923-11-30,5869.6732494623,-4708.34741890064,91.17993,91.2333
1923-12-31,7681.82948412678,-2417.46667065257,91.2333,88.19073
1924-01-31,9595.53551400731,-4775,88.19073,84.335495
1924-02-29,13315.1488646299,-4625,84.335495,79.02141
1924-03-31,11400,-228.47446621944,79.02141,76.16022
1924-04-30,7031.25,-1344.39845878515,76.16022,81.01655
1924-05-31,4098.75485483015,-1676.96531086839,81.01655,88.09727
1924-06-30,4000,-1266.56000802202,88.09727,90.039215
1924-07-31,4000,-2290.29993804009,90.039215,91.91181
1924-08-31,3000,-1647.07577804976,91.91181,92.7518
1924-09-30,3000,-3474.46376522004,92.7518,93.300446
1924-10-31,3818.86634285946,-4687.25209203101,93.300446,93.41856
1924-11-30,5601.70456998591,-2739.25424982837,93.41856,92.41502
1924-12-31,9287.06017767842,-3535.94831904888,92.41502,87.307724
1925-01-31,8221.30382360018,-4625,87.307724,84.505295
1925-02-28,77187.294134945,-4035.71428571429,84.505295,56.12204
1925-03-31,20183.6009571355,-1890.02473104957,56.12204,63.303753
1925-04-30,25930.4512464543,-1860.23072146276,63.303753,63.238583
1925-05-31,13254.3627099206,-2450.24962909075,63.238583,70.049034
1925-06-30,6779.1665,-4400,70.049034,80.39517
1925-07-31,5000,-8229.69507445877,80.39517,85.38723
1925-08-31,3500,-4954.52840928379,85.38723,88.7164
1925-09-30,3073.37758106344,-6861.4459946974,88.7164,92.179695
1925-10-31,5512.43280272131,-2153.83011294239,92.179695,90.98725
1925-11-30,4703.29532540775,-5140.20968043405,90.98725,91.48906
1925-12-31,9200.52518038057,-728.454988420532,91.48906,87.61215
1926-01-31,15228.0047145319,-4055,87.61215,76.56902
1926-02-28,43373.9038161577,-3808.03571428571,76.56902,59.226437
1926-03-31,17712.0973225839,-3800.52878547399,59.226437,65.21677
1926-04-30,20838.7258498787,-2417.35661621592,65.21677,66.05157
1926-05-31,11265.322,-3225.62952357783,66.05157,73.27274
1926-06-30,7100,-4400,73.27274,81.284775
1926-07-31,5000,-5067.18695473232,81.284775,85.357864
1926-08-31,3500,-3091.52976736943,85.357864,89.03482
1926-09-30,3000,-5264.33329661666,89.03482,92.41999
1926-10-31,4130.73199849876,-2918.86104404099,92.41999,92.65702
1926-11-30,16390.8450433566,-8514.62978031239,92.65702,79.9115
1926-12-31,11347.4253988618,-5290.32258064516,79.9115,75.4915
1927-01-31,35635.6167838987,-3875.96774193548,75.4915,62.035152
1927-02-28,169279.169480111,-4175,62.035152,51.647465
1927-03-31,51926.2950588911,-2345.27244615526,51.647465,55.74249
1927-04-30,52267.2580796125,-1213.06180982222,55.74249,55.851772
1927-05-31,16399.193,-3931.83905962815,55.851772,66.167694
1927-06-30,6834.30763924257,-4505,66.167694,78.64109
1927-07-31,10197.4234387591,-10032.3809083537,78.64109,80.43062
1927-08-31,5580.645,-10574.094950282,80.43062,82.557556
1927-09-30,10937.5,-4654.2826151988,82.557556,80.04955
1927-10-31,7968.75,-5195.8102840833,80.04955,79.98433
1927-11-30,5348.64465341794,-9717.12290120645,79.98433,84.95486
1927-12-31,4962.69122336982,-8382.51681068658,84.95486,87.48308
1928-01-31,18237.6462133239,-3645.16129032258,87.48308,76.68011
1928-02-29,19313.6671239749,-4040.51724137931,76.68011,67.276924
1928-03-31,93191.7547299603,-1485.02473104957,67.276924,54.075226
1928-04-30,31168.1015964742,-2160.32038440731,54.075226,59.734932
1928-05-31,12479.839,-3339.84715014774,59.734932,70.26198
1928-06-30,7709.94863247319,-4490,70.26198,79.63004
1928-07-31,10503.9372266067,-9363.30583535342,79.63004,79.89646
1928-08-31,5580.645,-11483.563535414,79.89646,83.06819
1928-09-30,11406.25,-4410.62927101017,83.06819,79.956535
1928-10-31,8750,-2700.17200456382,79.956535,79.99844
1928-11-30,6298.71323334765,-8372.97476876775,79.99844,84.57124
1928-12-31,5027.30891463927,-7373.92606062257,84.57124,87.06881
1929-01-31,8421.96379937389,-4745,87.06881,86.410545
1929-02-28,15928.397972652,-3580.35714285714,86.410545,78.4118
1929-03-31,11400,-2693.44418777103,78.4118,74.43789
1929-04-30,8188.75016667,-1783.2306185985,74.43789,79.56018
1929-05-31,4117.25089697143,-2130.37352516079,79.56018,86.537186
1929-06-30,4000,-1463.30427417482,86.537186,89.69952
1929-07-31,4000,-3168.16921021738,89.69952,91.78465
1929-08-31,3000,-1886.82285642203,91.78465,92.83763
1929-09-30,3000,-3473.77819530283,92.83763,93.21221
1929-10-31,3000,-2039.72625207324,93.21221,94.20042
1929-11-30,4683.99179157725,-644.810368482435,94.20042,93.79709
1929-12-31,15025.2470951268,-5290.32258064516,93.79709,82.14271
1930-01-31,26950.9997501268,-4262.09677419355,82.14271,64.91154
1930-02-28,18290.178,-1540.58960094347,64.91154,65.96708
1930-03-31,28828.0207995074,-3860.55201612609,65.96708,62.416203
1930-04-30,14136.3916728231,-572.127963129398,62.416203,68.63188
1930-05-31,7015.24461752901,-2411.6621936668,68.63188,79.88842
1930-06-30,7111.84358665357,-4400,79.88842,83.97587
1930-07-31,5000,-9379.34520434625,83.97587,85.93687
1930-08-31,3500,-5127.705967935,85.93687,90.26365
1930-09-30,3000,-5742.72397088307,90.26365,92.53198
1930-10-31,4000,-2343.12426638296,92.53198,92.76125
1930-11-30,5763.40893981976,-3321.69878567549,92.76125,91.42997
1930-12-31,6538.70430097667,-214.378638348616,91.42997,89.86376
1931-01-31,10752.3076133232,-4055,89.86376,84.54331
1931-02-28,9622.321,-3141.8436761907,84.54331,82.15313
1931-03-31,7377.4194,-1745.61130847347,82.15313,82.38139
1931-04-30,7960,-1300.89812207228,82.38139,83.72278
1931-05-31,5254.83359153711,-1636.37290363349,83.72278,87.25152
1931-06-30,4000,-1907.31575335354,87.25152,89.27888
1931-07-31,4000,-3137.38231833646,89.27888,91.732834
1931-08-31,3015.51904294154,-2513.41530794987,91.732834,92.86339
1931-09-30,3000,-3076.06121195475,92.86339,93.3817
1931-10-31,3000,-1777.46265416878,93.3817,94.42835
1931-11-30,6781.20936494883,-606.668005069454,94.42835,91.655075
1931-12-31,20966.4014477569,-5290.32258064516,91.655075,73.86698
1932-01-31,22974.5928957081,-4262.09677419355,73.86698,64.87893
1932-02-29,24486.4017293643,-3991.37931034483,64.87893,63.730324
1932-03-31,15943.6005449231,-715.430770151097,63.730324,67.92255
1932-04-30,10948.6955369161,-2714.89173638268,67.92255,74.680855
1932-05-31,8796.371,-3406.84655736781,74.680855,79.707344
1932-06-30,8590,-1694.69514262732,79.707344,81.35838
1932-07-31,4000,-2189.95072302429,81.35838,85.72604
1932-08-31,3000,-2784.27379989995,85.72604,90.60249
1932-09-30,3000,-4399.81904327658,90.60249,92.71475
1932-10-31,3587.99944464992,-2552.3354567693,92.71475,93.70671
1932-11-30,4267.31275036887,-2987.24151571904,93.70671,94.041534
1932-12-31,9212.67834133512,-2626.63191006226,94.041534,88.84501
1933-01-31,12347.2822102539,-4625,88.84501,80.9008
1933-02-28,11400,-3725.40835192984,80.9008,76.63866
1933-03-31,7754.70685049726,-2766.59843890292,76.63866,79.791176
1933-04-30,9920,-2091.47595801623,79.791176,80.17878
1933-05-31,6519.83028529702,-2109.8487009577,80.17878,82.79487
1933-06-30,4000,-1785.84725064765,82.79487,87.57607
1933-07-31,4000,-2416.39852251206,87.57607,90.91222
1933-08-31,3000,-1744.86392841275,90.91222,92.49114
1933-09-30,3000,-3095.95370025181,92.49114,93.16591
1933-10-31,3000,-2513.76192246571,93.16591,94.275734
1933-11-30,6849.98399225367,-1783.97767103034,94.275734,91.69983
1933-12-31,8742.19624163629,-7493.65636375077,91.69983,87.16434
1934-01-31,15051.5707794678,-3439.51612903226,87.16434,77.25857
1934-02-28,15728.1842668083,-4223.21428571429,77.25857,70.59792
1934-03-31,11298.7903225839,-2359.73126205191,70.59792,73.96447
1934-04-30,9426.667,-1876.03612703561,73.96447,78.54638
1934-05-31,7100,-1630.4609545113,78.54638,82.61823
1934-06-30,7100,-1248.5746634782,82.61823,84.21205
1934-07-31,4000,-3501.5683426407,84.21205,87.738335
1934-08-31,3000,-2128.39475415478,87.738335,91.7403
1934-09-30,3000,-1898.82209858578,91.7403,93.00322
1934-10-31,3291.94632621776,-1389.23291680851,93.00322,93.80704
1934-11-30,6265.55043884417,-4230.75594087009,93.80704,91.82682
1934-12-31,5177.78294868174,-4089.34114203577,91.82682,91.30333
1935-01-31,29996.0947702284,-3439.51612903226,91.30333,68.62489
1935-02-28,12517.776455779,-3982.14285714286,68.62489,69.11909
1935-03-31,24671.1036428612,-3860.55201612609,69.11909,65.3755
1935-04-30,47147.9034864532,-3222.43098741906,65.3755,57.552876
1935-05-31,20088.709,-3061.82968859769,57.552876,64.435074
1935-06-30,6170,-4475,64.435074,77.884674
1935-07-31,6500,-8684.72669204363,77.884674,84.13476
1935-08-31,4000,-5575.69727277601,84.13476,86.64032
1935-09-30,3000,-5372.87107176056,86.64032,91.16031
1935-10-31,5776.0337292163,-2645.36221327778,91.16031,90.64405
1935-11-30,5086.74595491206,-6891.94207364763,90.64405,90.78545
1935-12-31,8197.59721159475,-2496.72885941345,90.78545,87.968346
1936-01-31,41881.6798063804,-3521.77419354839,87.968346,61.900944
1936-02-29,98599.7358311544,-4043.9220660413,61.900944,53.291004
1936-03-31,32279.7523147072,-1173.88884393223,53.291004,59.457737
1936-04-30,24322.8496081908,-3224.33090273476,59.457737,63.096413
1936-05-31,11666.331,-2204.65905599639,63.096413,71.725105
1936-06-30,6875,-4475,71.725105,80.91343
1936-07-31,6642.42317170242,-8025.61877542858,80.91343,83.75099
1936-08-31,4296.37523031883,-8511.60220605971,83.75099,86.8805
1936-09-30,3696.98500552047,-5810.86626230473,86.8805,90.31117
1936-10-31,4077.12189887489,-5978.30915442969,90.31117,91.98358
1936-11-30,4880.16678409694,-5079.14836183755,91.98358,92.66546
1936-12-31,8041.36111048695,-3818.12662816567,92.66546,89.21477
1937-01-31,11464.7262305874,-4775,89.21477,82.69914
1937-02-28,57873.0162179995,-3962.85714285714,82.69914,57.480858
1937-03-31,45608.4614128157,-4310.55201612609,57.480858,56.729473
1937-04-30,21513.3359076312,-2162.36194973264,56.729473,63.643105
1937-05-31,14383.9549558955,-2007.69883772781,63.643105,70.026184
1937-06-30,8686.667,-4475,70.026184,77.831345
1937-07-31,6500,-7458.09310440283,77.831345,83.02156
1937-08-31,4000,-6839.71363967884,83.02156,86.799416
1937-09-30,3110.40477284732,-6862.61281998023,86.799416,90.7675
1937-10-31,4000,-4807.83032294782,90.7675,92.39296
1937-11-30,16987.7172288024,-9389.64462296048,92.39296,79.755
1937-12-31,71977.3838112761,-5290.32258064516,79.755,55.689964
1938-01-31,29934.7301337864,-4363.70967741936,55.689964,60.26161
1938-02-28,187510.527026131,1551.4688432795,60.26161,51.317776
1938-03-31,190362.276781402,5219.72437905318,51.317776,51.633846
1938-04-30,55656.7587431043,-2517.51651847667,51.633846,55.311317
1938-05-31,38126.3732489124,-155.57266328337,55.311317,58.417038
1938-06-30,10978.3057221336,-3266.18803902356,58.417038,70.30241
1938-07-31,8481.10942681748,-7669.05157946189,70.30241,79.563065
1938-08-31,5977.2095,-9488.30083092643,79.563065,82.874886
1938-09-30,10468.75,-9522.53685558486,82.874886,79.99845
1938-10-31,8125,-6647.12026538226,79.99845,80.091125
1938-11-30,4925.070001635,-9379.891924629,80.091125,85.467735
1938-12-31,5312.06141311823,-7485.0252905537,85.467735,87.48487
1939-01-31,9988.57968830463,-3655.35721790247,87.48487,85.40812
1939-02-28,10633.2827522816,-4250,85.40812,82.10276
1939-03-31,9882.95391497422,-3017.41347151629,82.10276,80.50622
1939-04-30,10706.354269567,-2301.59231101636,80.50622,78.91146
1939-05-31,10089.6785799072,-2694.1253929566,78.91146,79.42344
1939-06-30,5475.48477239783,-3168.40732313498,79.42344,83.604004
1939-07-31,5000,-6987.22675541071,83.604004,87.59321
1939-08-31,3500,-4659.9235902401,87.59321,90.5871
1939-09-30,3000,-4197.49095258394,90.5871,92.72791
1939-10-31,4186.34675147095,-1784.99863542206,92.72791,92.857925
1939-11-30,4599.84946986256,-1971.6769347034,92.857925,92.95838
1939-12-31,8776.11248896181,-2037.91734897758,92.95838,88.40782
1940-01-31,39036.8477470863,-3126.93548387097,88.40782,63.04774
1940-02-29,80813.8015427445,-4404.13793103448,63.04774,53.97696
1940-03-31,104575.169376542,-1698.88884393223,53.97696,53.020054
1940-04-30,43121.3999918386,-2349.18993044674,53.020054,56.99458
1940-05-31,13286.29,-4046.60523292608,56.99458,68.45877
1940-06-30,7409.69414644798,-4490,68.45877,79.234
1940-07-31,10931.9183888797,-9105.01760492475,79.234,79.4897
1940-08-31,5510.0806,-11328.5088421823,79.4897,82.89356
1940-09-30,11562.5,-4221.1700798717,82.89356,79.90303
1940-10-31,9062.5,-3344.41105359628,79.90303,79.93287
1940-11-30,4500,-9190.92595036659,79.93287,86.37505
1940-12-31,40068.2390022306,-5290.32258064516,86.37505,62.847454
1941-01-31,98383.8247030185,-4343.38709677419,62.847454,53.0569
1941-02-28,135541.925005135,-5000,53.0569,52.344547
1941-03-31,86546.300537523,-4550,52.344547,53.236347
1941-04-30,76976.9709113828,-4103.19570912806,53.236347,53.63625
1941-05-31,25336.4700388086,-5000,53.63625,61.699917
1941-06-30,9120.13603241587,-4505,61.699917,73.865364
1941-07-31,9002.2714516129,-10535.8398161925,73.865364,79.90201
1941-08-31,5836.0806,-9764.04953103208,79.90201,82.90274
1941-09-30,10625,-9623.69801213521,82.90274,80.082886
1941-10-31,8281.25,-7436.40819774548,80.082886,79.95566
1941-11-30,5029.13424510433,-9565.05841999195,79.95566,85.361305
1941-12-31,57260.8270615698,-5290.32258064516,85.361305,58.830605
1942-01-31,89617.8026306788,-4516.12903225806,58.830605,53.27773
1942-02-28,163218.000554443,-4464.28571428572,53.27773,51.821003
1942-03-31,27280.95664526,-3650,51.821003,60.640217
1942-04-30,47000.6163256237,-3716.63374997267,60.640217,57.36123
1942-05-31,29499.1713168228,-4500.69158083042,57.36123,61.00999
1942-06-30,8535.11122935277,-4505,61.00999,73.49296
1942-07-31,8529.80577853073,-9708.73649942186,73.49296,80.945076
1942-08-31,5977.2095,-9278.05775151398,80.945076,83.01368
1942-09-30,10625,-7010.07676574005,83.01368,79.96877
1942-10-31,8125,-4539.40937035461,79.96877,79.9919
1942-11-30,10638.4096217845,-8531.87721616646,79.9919,79.86446
1942-12-31,23797.9917543715,-5290.32258064516,79.86446,67.07862
1943-01-31,89353.2305223243,-5000,67.07862,53.725895
1943-02-28,60187.4750431933,-4625,53.725895,54.713104
1943-03-31,87215.5450645764,-4025,54.713104,53.46945
1943-04-30,29202.2643817809,-545.541735843377,53.46945,60.19443
1943-05-31,10449.597,-3869.6392951298,60.19443,72.34115
1943-06-30,7998.26113426575,-4505,72.34115,80.516716
1943-07-31,9923.96287667568,-9732.21261205018,80.516716,80.26724
1943-08-31,5651.2095,-8269.95781012282,80.26724,82.91689
1943-09-30,10937.5,-4363.44706447932,82.91689,80.047134
1943-10-31,7812.5,-5232.63596262229,80.047134,80.097404
1943-11-30,4500,-9362.70173783696,80.097404,86.09
1943-12-31,6604.2347466243,-4078.73938173399,86.09,87.95246
1944-01-31,9479.30209117185,-5000,87.95246,85.257545
1944-02-29,28645.7446618653,-3456.89655172414,85.257545,66.89219
1944-03-31,20621.5004982926,-1890.02473104957,66.89219,64.48781
1944-04-30,11809.6468587231,-1388.23202450076,64.48781,72.442375
1944-05-31,9066.19883753013,-1053.64595070368,72.442375,79.054344
1944-06-30,7100,-4400,79.054344,82.56584
1944-07-31,5000,-4694.62029417703,82.56584,86.07184
1944-08-31,3951.83344906911,-3729.52507550974,86.07184,90.05985
1944-09-30,3171.97997497925,-4630.40600921578,90.05985,92.242874
1944-10-31,4133.51162514411,-2811.18906841802,92.242874,92.66145
1944-11-30,8707.71029787827,-6961.04011398669,92.66145,88.13964
1944-12-31,14204.4460577018,-5290.32258064516,88.13964,77.91458
1945-01-31,9654.28091229836,-4055,77.91458,77.65584
1945-02-28,64813.2022276568,-3982.14285714286,77.65584,56.795338
1945-03-31,26533.1754448625,-1485.02473104957,56.795338,61.007458
1945-04-30,11677.6969981706,-2994.44355446538,61.007458,71.277336
1945-05-31,9481.30354383551,-3372.82137618731,71.277336,78.60009
1945-06-30,7243.3335,-4400,78.60009,82.30453
1945-07-31,5000,-9831.26764714103,82.30453,85.5102
1945-08-31,3500,-8063.42997647963,85.5102,89.6189
1945-09-30,3359.20268244755,-6669.5705351497,89.6189,92.00113
1945-10-31,5560.30636078063,-6109.1060288885,92.00113,90.82689
1945-11-30,7333.2045795442,-9114.84246595367,90.82689,88.490585
1945-12-31,83145.675785951,-5290.32258064516,88.490585,56.15517
1946-01-31,53873.7582663833,-3875.96774193548,56.15517,55.455555
1946-02-28,22794.6702738851,-3741.07142857143,55.455555,62.58713
1946-03-31,24843.1348628599,-1248.88884393223,62.58713,63.467056
1946-04-30,13997.3738328962,-2727.61698196073,63.467056,69.16426
1946-05-31,10683.871,-3180.44091201344,69.16426,76.554535
1946-06-30,7121.74638938716,-4475,76.554535,81.77874
1946-07-31,7959.01179789019,-11032.4141257772,81.77874,83.10956
1946-08-31,4000,-10775.1241707205,83.10956,86.98395
1946-09-30,3584.04502565184,-6712.19170237792,86.98395,89.62985
1946-10-31,4955.90965668533,-8141.476384953,89.62985,90.28209
1946-11-30,5482.88029058452,-6098.2593941067,90.28209,90.72367
1946-12-31,9757.10608639586,-5754.37884480066,90.72367,86.17961
1947-01-31,6000,-4775,86.17961,85.83194
1947-02-28,15891.2296867886,-3580.35714285714,85.83194,78.577
1947-03-31,15336.4598862483,-4280.55201612609,78.577,71.11849
1947-04-30,11153.333,-2649.68689662647,71.11849,74.80893
1947-05-31,8460.20216765883,-2687.30068259149,74.80893,80.069824
1947-06-30,7100,-3421.98394459068,80.069824,83.20726
1947-07-31,5000,-4997.53402047583,83.20726,86.17414
1947-08-31,3500,-3833.97043880324,86.17414,90.368675
1947-09-30,3000,-4582.0391407568,90.368675,92.67448
1947-10-31,4855.99902003274,-4743.28593894456,92.67448,91.65798
1947-11-30,4911.7800811437,-3421.24644312927,91.65798,91.75293
1947-12-31,5442.30982206457,-1539.91624636934,91.75293,91.82934
1948-01-31,9970.3765499899,-3126.93548387097,91.82934,86.45324
1948-02-29,11144.827,-1786.32415215393,86.45324,82.08278
1948-03-31,13769.2806218964,-4268.09587171883,82.08278,74.88978
1948-04-30,28913.5675488463,-2584.28673076021,74.88978,63.464466
1948-05-31,28405.0180796726,-1043.91922423663,63.464466,61.871582
1948-06-30,6583.3335,-4400,61.871582,75.819244
1948-07-31,5012.15808505078,-11918.3126262256,75.819244,85.14914
1948-08-31,3500,-9483.02526961222,85.14914,87.49305
1948-09-30,3120.7915332,-6463.08557484594,87.49305,91.44287
1948-10-31,4288.24540746978,-4675.27006369673,91.44287,92.4811
1948-11-30,5121.21269575564,-3836.13631932674,92.4811,92.00048
1948-12-31,9685.25082495856,-3658.1357586344,92.00048,87.00646
1949-01-31,8169.57828122397,-4055,87.00646,84.321144
1949-02-28,11435.5444733254,-4625,84.321144,81.14586
1949-03-31,44404.8854020309,-4280.55201612609,81.14586,60.184628
1949-04-30,13737.5,-2417.18718259998,60.184628,67.85343
1949-05-31,10656.9087509997,-1649.52423068194,67.85343,76.42387
1949-06-30,7100,-4400,76.42387,81.635574
1949-07-31,5000,-5769.48875434759,81.635574,85.421616
1949-08-31,3500,-3472.9433905935,85.421616,89.321915
1949-09-30,3000,-4593.73482146862,89.321915,92.35972
1949-10-31,4135.89295959521,-2776.88132750503,92.35972,92.77344
1949-11-30,5300.09262701634,-3074.14073048606,92.77344,92.00738
1949-12-31,7090.33922550584,-1123.23169698179,92.00738,89.77799
1950-01-31,26173.8939565148,-3126.93548387097,89.77799,69.17248
1950-02-28,41010.0676285984,-3982.14285714286,69.17248,58.683094
1950-03-31,16763.7105081441,-3860.55201612609,58.683094,65.92928
1950-04-30,18488.2653006335,-633.682016289581,65.92928,67.78922
1950-05-31,11781.219093347,-2574.78918246844,67.78922,73.44614
1950-06-30,7025.8335,-4400,73.44614,81.057846
1950-07-31,5012.18872461171,-11797.7703969301,81.057846,85.341156
1950-08-31,3500,-7484.05590324735,85.341156,88.89152
1950-09-30,3373.65525109876,-5907.54543507016,88.89152,91.81987
1950-10-31,5145.52153019324,-6296.01513059902,91.81987,91.17645
1950-11-30,44679.7400594419,-8413.80583439581,91.17645,62.67229
1950-12-31,113025.637501891,-4855.43510011307,62.67229,52.901485
1951-01-31,77705.4730348369,-4625,52.901485,53.509655
1951-02-28,72249.4619731031,-4464.28571428571,53.509655,53.98157
1951-03-31,32904.5660875156,-3515.74339253539,53.98157,59.466835
1951-04-30,15005.4878874466,-197.373388100516,59.466835,67.691444
1951-05-31,11059.5978623421,-2716.50312504222,67.691444,75.3028
1951-06-30,9120.28933828927,-4490,75.3028,79.504906
1951-07-31,9981.84391048319,-9577.78784446417,79.504906,79.858536
1951-08-31,5792.339,-10331.4312767487,79.858536,83.26237
1951-09-30,11250,-5243.64846783093,83.26237,79.92844
1951-10-31,8750,-5797.99073654939,79.92844,79.97803
1951-11-30,5734.28641090016,-9118.75561504669,79.97803,85.01493
1951-12-31,39587.445105193,-5290.32258064516,85.01493,62.896564
1952-01-31,110153.199190798,-4343.38709677419,62.896564,52.799477
1952-02-29,101957.600821749,-4482.75862068965,52.799477,52.97391
1952-03-31,72762.0929442966,-4550,52.97391,53.896255
1952-04-30,48506.1258728095,-4331.63374997267,53.896255,56.249817
1952-05-31,44781.9177057814,-3481.58428614943,56.249817,57.059002
1952-06-30,16618.7411565591,-4505,57.059002,66.051414
1952-07-31,8000,-8748.87206971801,66.051414,77.40088
1952-08-31,5439.516,-10639.4535114436,77.40088,83.5959
1952-09-30,10625,-8702.67341053023,83.5959,80.063934
1952-10-31,8125,-4774.63814174334,80.063934,80.015686
1952-11-30,5541.10940743235,-9327.10606418956,80.015686,84.68038
1952-12-31,38235.4588781467,-5290.32258064516,84.68038,63.297985
1953-01-31,97385.3558932417,-4516.12903225806,63.297985,53.31677
1953-02-28,22064.2802433998,-4464.28571428572,53.31677,62.45
1953-03-31,18156.137107586,-3575,62.45,66.651215
1953-04-30,24001.5899241754,164.182046370212,66.651215,64.54192
1953-05-31,18519.278290024,-2019.69645668861,64.54192,66.69233
1953-06-30,12329.6457217055,-4490,66.69233,72.59021
1953-07-31,8188.95496229091,-11395.677584285,72.59021,80.12079
1953-08-31,6118.339,-11489.6437546961,80.12079,83.50632
1953-09-30,11588,-10726.5965890627,83.50632,79.62849
1953-10-31,8750,-3192.90152677223,79.62849,80.01406
1953-11-30,4500,-8301.77227105405,80.01406,85.900764
1953-12-31,5806.56194930191,-6643.94451339855,85.900764,87.40574
1954-01-31,23806.0386877806,-3505.32258064516,87.40574,71.061615
1954-02-28,51505.3451386618,-4030.35714285714,71.061615,57.118748
1954-03-31,38133.1868379876,-1194.51002306565,57.118748,58.265217
1954-04-30,33575.9915730943,-1866.87550459601,58.265217,59.800205
1954-05-31,13867.9428195295,-2849.59829318672,59.800205,68.80647
1954-06-30,7887.48769776065,-4490,68.80647,78.915436
1954-07-31,12328.8689323541,-10997.6866396709,78.915436,78.206
1954-08-31,5735.7744,-11682.8196345673,78.206,81.79884
1954-09-30,10937.5,-5486.1691940687,81.79884,80.07268
1954-10-31,9218.75,-3995.28038212312,80.07268,79.96034
1954-11-30,5829.6545206345,-8940.13586179038,79.96034,84.58065
1954-12-31,16522.82363915,-5290.32258064516,84.58065,75.19148
1955-01-31,17819.5598931451,-4343.38709677419,75.19148,68.448524
1955-02-28,10312.5,-3668.43193697354,68.448524,73.97471
1955-03-31,10007.4228747702,-1398.29484252088,73.97471,77.89874
1955-04-30,10968.6964677561,-1362.37794983644,77.89874,77.73467
1955-05-31,10304.2737528248,-2178.84787488212,77.73467,78.556984
1955-06-30,7673.3335,-4400,78.556984,81.38698
1955-07-31,5000,-4190.55036875884,81.38698,85.53355
1955-08-31,3500,-3438.3808528833,85.53355,89.79001
1955-09-30,3000,-5110.90139117227,89.79001,92.1425
1955-10-31,4000,-4023.37304973993,92.1425,92.921295
1955-11-30,5274.26286242773,-3289.81513452014,92.921295,92.59478
1955-12-31,114983.11294678,-5290.32258064516,92.59478,55.144745
1956-01-31,187792.314448027,-98.7255036343617,55.144745,51.431595
1956-02-29,95168.5284620149,-5000,51.431595,52.957615
1956-03-31,39910.6139340474,-3650,52.957615,57.603127
1956-04-30,16028.6324012884,-3629.26729523672,57.603127,66.70751
1956-05-31,19247.8750007977,-4353.84776738159,66.70751,67.58896
1956-06-30,9135.26895827404,-4505,67.58896,75.42605
1956-07-31,9137.72616740538,-9126.14907712316,75.42605,79.9273
1956-08-31,5368.9517,-9075.02966027909,79.9273,83.187004
1956-09-30,10937.5,-4516.65716132078,83.187004,79.98966
1956-10-31,8125,-6039.62060222571,79.98966,79.92721
1956-11-30,4589.75462294742,-9658.41644465989,79.92721,85.84924
1956-12-31,4500.48419239915,-4037.6161913443,85.84924,88.73254
1957-01-31,9632.99481849428,-4721.67035315047,88.73254,86.51497
1957-02-28,18657.8517502451,-3625.89285714286,86.51497,74.55645
1957-03-31,44234.7450396087,-1485.02473104957,74.55645,58.50231
1957-04-30,13663.3281034813,-1441.62700382421,58.50231,67.987854
1957-05-31,19612.4091272533,-3039.8835527273,67.987854,68.46523
1957-06-30,6850,-4475,68.46523,77.7084
1957-07-31,7878.58459593756,-11454.7975228176,77.7084,82.77181
1957-08-31,5455.46041180279,-11558.2357400754,82.77181,84.60705
1957-09-30,3546.58152887791,-8396.1677026935,84.60705,88.0796
1957-10-31,19187.9128256007,-1427.29083388945,88.0796,75.02255
1957-11-30,4500,-8899.88400144686,75.02255,80.01506
1957-12-31,21505.978331248,-5290.32258064516,80.01506,71.291245
1958-01-31,37137.4714038193,-4363.70967741936,71.291245,59.816338
1958-02-28,216973.286843842,-4175,59.816338,50.789825
1958-03-31,112238.515492405,-4550,50.789825,52.65272
1958-04-30,98216.4115958912,-1102.36408140453,52.65272,53.062336
1958-05-31,26108.3591153057,-4821.46841069707,53.062336,61.31074
1958-06-30,11168.3552519566,-4505,61.31074,71.82244
1958-07-31,8244,-9361.66198355635,71.82244,79.672745
1958-08-31,5721.7744,-10719.9341408342,79.672745,83.36557
1958-09-30,10625,-10535.1773137259,83.36557,80.062035
1958-10-31,8437.5,-6589.49780230511,80.062035,79.91881
1958-11-30,4500,-9699.67736016748,79.91881,85.764366
1958-12-31,6375.19721342007,-7326.59273224926,85.764366,87.8042
1959-01-31,25471.2280452325,-3645.16129032258,87.8042,69.909065
1959-02-28,54058.441568464,-4030.35714285714,69.909065,56.537224
1959-03-31,16894.9359339384,-1377.79026985247,56.537224,65.45201
1959-04-30,11413.4429770192,-1607.35647134072,65.45201,74.22204
1959-05-31,8465.26963563411,-2842.30401303801,74.22204,80.08408
1959-06-30,7823.86777396,-4475,80.08408,82.36677
1959-07-31,8863.23326469108,-11478.1835493802,82.36677,81.95846
1959-08-31,4353.2842895978,-11614.7913909874,81.95846,85.9066
1959-09-30,5898.63642497826,-8391.80546113402,85.9066,86.57488
1959-10-31,4000,-3100.65001140802,86.57488,88.70385
1959-11-30,4500,-2480.81874110964,88.70385,92.398415
1959-12-31,6787.47107041308,-2424.43498662915,92.398415,90.6982
1960-01-31,8975.65666743339,-4623.49598123682,90.6982,86.87359
1960-02-29,36490.7763291492,-3676.72413793103,86.87359,63.493374
1960-03-31,19386.8276553269,-3860.55201612609,63.493374,64.533646
1960-04-30,16474.3980084204,-526.94587110082,64.533646,68.69258
1960-05-31,7437.60389640299,-2159.02952207197,68.69258,78.36062
1960-06-30,7109.45476253775,-4400,78.36062,83.49191
1960-07-31,5421.49993247302,-11816.5303702451,83.49191,85.24894
1960-08-31,3513.19674791002,-5481.46983981284,85.24894,89.65382
1960-09-30,3782.87912471452,-4345.06722596247,89.65382,91.6947
1960-10-31,5092.51429880709,-1612.10206720194,91.6947,90.70936
1960-11-30,6467.69171234217,-6428.86807783438,90.70936,90.14209
1960-12-31,11356.442666347,-5290.32258064516,90.14209,83.44703
1961-01-31,8106.60296104339,-4055,83.44703,81.958885
1961-02-28,31357.6386354017,-3982.14285714286,81.958885,65.08899
1961-03-31,14239.0509278815,-3860.55201612609,65.08899,67.936226
1961-04-30,11708.929894291,-579.469430373164,67.936226,74.80559
1961-05-31,8748.92265719213,-1787.47401988642,74.80559,79.58864
1961-06-30,7100,-4400,79.58864,82.967575
1961-07-31,5000,-8261.80108211214,82.967575,85.985535
1961-08-31,3500,-5020.64867480684,85.985535,89.78319
1961-09-30,3196.6529447587,-4764.96610816597,89.78319,92.26009
1961-10-31,4000,-1938.19976054749,92.26009,92.58255
1961-11-30,5686.93590337226,-2421.14816741735,92.58255,91.702484
1961-12-31,10326.0408301793,-5290.32258064516,91.702484,85.487305
1962-01-31,6000,-4055,85.487305,85.31649
1962-02-28,75970.3909375069,-4464.28571428571,85.31649,56.877777
1962-03-31,25163.3299222368,-1485.02473104957,56.877777,61.430355
1962-04-30,12773.4308049378,-3003.23870253094,61.430355,70.43892
1962-05-31,11183.3862510744,-3403.01360052009,70.43892,76.308784
1962-06-30,7100,-4400,76.308784,81.493355
1962-07-31,5000,-11672.6447383303,81.493355,85.54555
1962-08-31,4012.35175130137,-8107.61267525781,85.54555,88.68649
1962-09-30,3143.26704892891,-5829.56885753892,88.68649,91.71121
1962-10-31,33351.1964240691,-10149.2868053783,91.71121,66.40435
1962-11-30,4500,-9788.98573767817,66.40435,77.03208
1962-12-31,25940.4401381635,-5290.32258064516,77.03208,68.24686
1963-01-31,13976.6140000367,-3875.96774193548,68.24686,69.158875
1963-02-28,82753.1328589916,-4223.21428571429,69.158875,54.80051
1963-03-31,26862.0592115374,-1248.88884393223,54.80051,61.016666
1963-04-30,93559.9089331399,-3137.84284061426,61.016666,53.6928
1963-05-31,23811.970410763,-4034.41412105495,53.6928,62.282875
1963-06-30,9306.25,-4505,62.282875,74.1324
1963-07-31,8016.50570788531,-11406.3242339737,74.1324,80.771164
1963-08-31,5510.0806,-11252.5386656057,80.771164,83.78667
1963-09-30,10937.5,-9218.95725960559,83.78667,80.01016
1963-10-31,7968.75,-3660.02077121384,80.01016,80.0003
1963-11-30,19353.2089598447,-8955.71406285287,80.0003,71.62353
1963-12-31,4500,-10132.913537775,71.62353,79.9392
1964-01-31,21524.2661962874,-3645.16129032258,79.9392,71.71328
1964-02-29,8969.76883489269,-4058.4012008149,71.71328,74.14599
1964-03-31,10524.9505919657,-1553.34076994886,74.14599,77.99176
1964-04-30,10061.8808917446,-1668.4136449132,77.99176,78.27284
1964-05-31,9341.83694622721,-2670.80358608731,78.27284,80.257675
1964-06-30,7110.71262540919,-4400,80.257675,82.6456
1964-07-31,5000,-9919.82683981378,82.6456,86.420616
1964-08-31,3500,-8434.987694375,86.420616,90.67998
1964-09-30,3478.03712414224,-5017.72154694368,90.67998,92.19386
1964-10-31,5172.94938809826,-2800.07265525882,92.19386,91.14516
1964-11-30,7490.8790374988,-6299.65172608463,91.14516,88.539635
1964-12-31,102880.168764903,-5290.32258064516,88.539635,55.21443
1965-01-31,133511.55769135,-4262.09677419355,55.21443,52.15762
1965-02-28,35501.844434542,-4464.28571428571,52.15762,58.511112
1965-03-31,14089.4174048734,-3650,58.511112,67.95795
1965-04-30,45441.0897005431,-159.934303601148,67.95795,58.78557
1965-05-31,14944.557,-3624.67812321995,58.78557,67.38319
1965-06-30,6891.17379206942,-4381.42306822899,67.38319,79.52691
1965-07-31,11710.9127018552,-10528.1133225388,79.52691,78.92115
1965-08-31,5495.516,-11068.4490040591,78.92115,81.90384
1965-09-30,10937.5,-7142.29338109715,81.90384,80.01425
1965-10-31,7812.5,-4266.65673518585,80.01425,80.022964
1965-11-30,11977.0383076816,-7678.19557850672,80.022964,78.49751
1965-12-31,6556.69421988498,-9625.45752764545,78.49751,81.31361
1966-01-31,30763.7191541489,-3645.16129032258,81.31361,65.07363
1966-02-28,27514.3130567332,-3741.07142857143,65.07363,62.079647
1966-03-31,23156.6918451145,-1173.88884393223,62.079647,63.78091
1966-04-30,12394.382390796,-1909.36938067431,63.78091,70.835556
1966-05-31,8454.032,-2836.91489552043,70.835556,79.33312
1966-06-30,8022.41347962422,-4475,79.33312,82.919525
1966-07-31,8183.53723757672,-11132.1072869082,82.919525,83.097145
1966-08-31,4514.40418721913,-11394.4603573934,83.097145,86.41628
1966-09-30,3000,-5815.65072356183,86.41628,90.79001
1966-10-31,5822.47714061767,-1555.23355128642,90.79001,90.10031
1966-11-30,7508.08053734129,-8404.84569650339,90.10031,86.61687
1966-12-31,38802.5432090639,-5290.32258064516,86.61687,62.553673
1967-01-31,55466.4317223348,-4363.70967741936,62.553673,55.728336
1967-02-28,53762.9965352563,-4464.28571428572,55.728336,55.6764
1967-03-31,58226.6309490218,-1248.88884393223,55.6764,55.153515
1967-04-30,59961.6379656008,-1884.03651838791,55.153515,54.985783
1967-05-31,38721.9742985279,-4886.35670989618,54.985783,58.138287
1967-06-30,19095.7732133355,-5000,58.138287,65.03547
1967-07-31,8000,-8337.16710582207,65.03547,76.45676
1967-08-31,6067.0806,-10364.3165919503,76.45676,83.01443
1967-09-30,10312.5,-7507.44545840197,83.01443,79.980194
1967-10-31,8281.25,-6359.78894673647,79.980194,79.95674
1967-11-30,4674.12319967221,-9603.65586956121,79.95674,85.462975
1967-12-31,6424.13773171058,-7672.69517242654,85.462975,86.67635
1968-01-31,23422.0608674383,-3645.16129032258,86.67635,71.429085
1968-02-29,53192.0006743885,-4040.51724137931,71.429085,56.83732
1968-03-31,35924.3242490151,-1208.5616609797,56.83732,58.658092
1968-04-30,11074.3979559615,-1742.16192906935,58.658092,70.68996
1968-05-31,8213.4273633588,-2870.05983700521,70.68996,80.390526
1968-06-30,8055.13622583631,-4475,80.390526,82.908226
1968-07-31,8720.6208767191,-11462.2890372421,82.908226,82.42544
1968-08-31,4000,-10853.4588150637,82.42544,86.418526
1968-09-30,3000,-6402.80393444297,86.418526,90.23426
1968-10-31,4000,-5140.31913916802,90.23426,91.8943
1968-11-30,6342.29678923725,-4609.179215097,91.8943,90.93284
1968-12-31,22444.4246306793,-5290.32258064516,90.93284,73.29597
1969-01-31,154591.203798343,-5000,73.29597,52.460697
1969-02-28,165277.340700628,2919.26751953987,52.460697,51.975067
1969-03-31,65735.191308809,1444.41333625048,51.975067,54.371468
1969-04-30,47811.2111611231,1145.05445167799,54.371468,56.33971
1969-05-31,39042.6765368788,2725.81731344696,56.33971,58.36591
1969-06-30,14718.6989079224,-2636.25225544809,58.36591,67.550026
1969-07-31,8000,-7459.40985901967,67.550026,78.31918
1969-08-31,5651.2095,-10179.849167104,78.31918,83.401726
1969-09-30,10625,-7712.73447085287,83.401726,79.945625
1969-10-31,8125,-9017.53390042643,79.945625,79.95699
1969-11-30,4906.311893519,-9292.18787698916,79.95699,85.221565
1969-12-31,50449.2701716774,-5290.32258064516,85.221565,60.10813
1970-01-31,231269.628615622,-2926.50084134187,60.10813,50.40394
1970-02-28,81571.9695230499,-4382.89612850834,50.40394,53.417473
1970-03-31,36371.9529671065,-3650,53.417473,58.459126
1970-04-30,13972.5646509912,-3420.4953829513,58.459126,68.01869
1970-05-31,8309.33788400871,-3434.60875015435,68.01869,78.57458
1970-06-30,10270.5827596307,-4505,78.57458,80.17034
1970-07-31,8553.1203744612,-10464.6444474759,80.17034,80.395134
1970-08-31,5862.9033,-10683.4582191574,80.395134,83.66927
1970-09-30,10937.5,-4389.80799763469,83.66927,79.960335
1970-10-31,7812.5,-5727.92646087645,79.960335,80.080956
1970-11-30,13802.5155437973,-8302.5127220973,80.080956,76.689735
1970-12-31,65589.8396045213,-5290.32258064516,76.689735,56.292606
1971-01-31,52365.1902739663,-4516.12903225806,56.292606,55.76623
1971-02-28,22892.8672474915,-4464.28571428572,55.76623,62.685734
1971-03-31,46055.0866576731,-3650,62.685734,57.7729
1971-04-30,21409.1573936142,-2406.83924867671,57.7729,63.81006
1971-05-31,18012.7940481647,-3403.64924298346,63.81006,67.243645
1971-06-30,6886.82052153218,-4505,67.243645,77.859024
1971-07-31,11214.830555737,-11169.3660577754,77.859024,79.10298
1971-08-31,5553.8228,-11381.4684853352,79.10298,81.91234
1971-09-30,10837.4961419125,-10373.1237578492,81.91234,79.94058
1971-10-31,8125,-2967.97482414286,79.94058,79.923454
1971-11-30,4500,-7188.70496339107,79.923454,85.74404
1971-12-31,15863.4989308458,-5290.32258064516,85.74404,76.88515
1972-01-31,12468.6552697958,-4516.12903225806,76.88515,73.56478
1972-02-29,15386.3734236691,-4040.51724137931,73.56478,71.488625
1972-03-31,23018.701710181,-1575.58968921751,71.488625,65.24147
1972-04-30,14525.5069889371,-1780.45970133027,65.24147,69.32293
1972-05-31,7919.29404511825,-2269.72717217684,69.32293,78.761
1972-06-30,8471.86412241642,-4475,78.761,82.36484
1972-07-31,8699.05748503786,-11531.1756246217,82.36484,82.026596
1972-08-31,4000,-6314.92974125416,82.026596,85.977005
1972-09-30,3000,-6667.67486906327,85.977005,90.102295
1972-10-31,4479.03255095646,-5472.35726462719,90.102295,91.43595
1972-11-30,12090.9759419467,-8111.81002476557,91.43595,84.144905
1972-12-31,24988.8594248509,-5290.32258064516,84.144905,66.89245
1973-01-31,88768.3680470675,-4516.12903225807,66.89245,53.823517
1973-02-28,99865.5939956173,-4223.21428571429,53.823517,53.02371
1973-03-31,61285.6224901224,-3263.86411288265,53.02371,54.66025
1973-04-30,18178.3860381794,-698.799977685763,54.66025,64.48258
1973-05-31,9870.17407165324,-3305.55050289068,64.48258,75.43649
1973-06-30,9130.85315618148,-4490,75.43649,80.13186
1973-07-31,11217.3422894253,-10838.4098271519,80.13186,78.87806
1973-08-31,5792.339,-9780.61232629833,78.87806,82.5467
1973-09-30,11093.75,-5161.72299674272,82.5467,79.96978
1973-10-31,9062.5,-6318.11295084261,79.96978,79.96989
1973-11-30,43774.3077962473,-8540.2063045956,79.96989,60.782665
1973-12-31,81565.3583763799,-5290.32258064516,60.782665,53.62063
1974-01-31,144470.043266064,-4343.38709677419,53.62063,51.819065
1974-02-28,46869.5720428388,-4464.28571428571,51.819065,56.40293
1974-03-31,113277.967680039,-4550,56.40293,52.97584
1974-04-30,62177.4947798205,-3716.63374997267,52.97584,54.597767
1974-05-31,15643.1455,-3952.74493382352,54.597767,66.15518
1974-06-30,7114.5835,-4505,66.15518,78.58663
1974-07-31,10571.5066087642,-10956.265564297,78.58663,79.87407
1974-08-31,5836.0806,-11256.4701426343,79.87407,82.01014
1974-09-30,10625,-7550.99874806514,82.01014,79.931755
1974-10-31,8125,-5362.1854137614,79.931755,80.02971
1974-11-30,4500,-8608.18414278935,80.02971,85.822365
1974-12-31,7963.13835739439,-6922.3622489781,85.822365,86.19577
1975-01-31,6353.78223453877,-5000,86.19577,87.25561
1975-02-28,63647.9927274892,-3762.5,87.25561,58.68194
1975-03-31,90956.5199196017,-1173.88884393223,58.68194,53.425606
1975-04-30,29818.1164594909,-2349.18993044674,53.425606,60.099804
1975-05-31,20097.4285103652,-4004.07332217947,60.099804,65.18889
1975-06-30,9972.917,-4490,65.18889,74.32614
1975-07-31,8991.45900677769,-11056.974623074,74.32614,79.95906
1975-08-31,5906.645,-10390.2693987577,79.95906,83.301414
1975-09-30,11250,-9670.97100263133,83.301414,80.01053
1975-10-31,9557.1310254128,-9205.04922137784,80.01053,79.52506
1975-11-30,4617.71671587589,-9699.57794971839,79.52506,85.60928
1975-12-31,4835.75922115628,-5895.70265096666,85.60928,88.49425
1976-01-31,6025.03224221599,-3672.16586075486,88.49425,89.246056
1976-02-29,7841.3794,-4250,89.246056,87.5492
1976-03-31,8738.82699304762,-2920.21007769702,87.5492,83.5773
1976-04-30,8863.41666667,-1703.88586123331,83.5773,81.84123
1976-05-31,4736.90055246513,-2179.26042087306,81.84123,86.02511
1976-06-30,4000,-4458.52829032811,86.02511,89.99406
1976-07-31,4000,-5480.10072980116,89.99406,91.99464
1976-08-31,3000,-3815.03586054738,91.99464,92.46946
1976-09-30,3000,-4564.00874772419,92.46946,93.39416
1976-10-31,3406.37190894766,-3300.20879138845,93.39416,94.031654
1976-11-30,6080.09740615716,-2597.73505699017,94.031654,92.46036
1976-12-31,3500,-1589.06830908219,92.46036,93.482414
1977-01-31,8473.61710951009,-147.924323960005,93.482414,89.12422
1977-02-28,7560.7144,-941.290469629823,89.12422,86.455734
1977-03-31,7100,-628.683625532198,86.455734,84.993256
1977-04-30,7100,-1253.51192097358,84.993256,85.54878
1977-05-31,5134.3242312895,-1563.73647324333,85.54878,88.98675
1977-06-30,4000,-3022.680632449,88.98675,91.22063
1977-07-31,4000,-3599.71279902866,91.22063,92.655205
1977-08-31,3000,-2757.98807840324,92.655205,93.15498
1977-09-30,3000,-3256.42698263203,93.15498,93.22276
1977-10-31,3000,-1485.30816351214,93.22276,94.27038
1977-11-30,6114.06031556882,-894.103320487126,94.27038,92.76603
1977-12-31,11149.8053323331,-5290.32258064516,92.76603,84.87687
1978-01-31,74713.0929864117,-4516.12903225806,84.87687,55.82399
1978-02-28,64232.1817214339,-4175,55.82399,54.4351
1978-03-31,69305.2307070204,-1173.88884393223,54.4351,54.140663
1978-04-30,40494.8155075939,-2349.18993044674,54.140663,57.571064
1978-05-31,14663.813252661,-4190,57.571064,67.63805
1978-06-30,10151.7325896519,-4490,67.63805,76.150375
1978-07-31,10794.5515292626,-10648.9467511736,76.150375,78.49092
1978-08-31,6047.7744,-10236.0420937009,78.49092,82.33674
1978-09-30,10937.5,-4344.55642387855,82.33674,80.01088
1978-10-31,9062.5,-5587.30470337333,80.01088,79.9229
1978-11-30,5698.46877316438,-9218.24744414554,79.9229,85.0908
1978-12-31,4577.11117804066,-7048.8930660569,85.0908,88.16869
1979-01-31,21829.4978602491,-4745,88.16869,73.01122
1979-02-28,41016.487795429,-3962.85714285714,73.01122,59.118977
1979-03-31,30477.53570098,-1890.02473104957,59.118977,60.326668
1979-04-30,12950.2427038723,-3133.63099166212,60.326668,69.55993
1979-05-31,11304.0119571313,-3894.56052560778,69.55993,76.40283
1979-06-30,8686.667,-4400,76.40283,79.71508
1979-07-31,5000,-7927.18342074903,79.71508,84.84017
1979-08-31,3500,-4401.77180698014,84.84017,89.3403
1979-09-30,3336.09519025706,-6001.90787027516,89.3403,91.98548
1979-10-31,5484.39318352368,-5691.2792918475,91.98548,90.88741
1979-11-30,7116.48174595192,-8193.02948798563,90.88741,88.840775
1979-12-31,18860.3092230589,-5290.32258064516,88.840775,73.98171
1980-01-31,109499.261041309,-4625,73.98171,53.293262
1980-02-29,146950.007724828,1999.73259921742,53.293262,52.01567
1980-03-31,60842.2348280385,1059.30046593729,52.01567,54.693233
1980-04-30,23064.8803247282,-49.3987572683414,54.693233,62.42409
1980-05-31,12116.2335659813,-3733.50129188623,62.42409,71.84253
1980-06-30,9176.32787183836,-3055.42638055996,71.84253,78.52892
1980-07-31,8000,-8229.76542244997,78.52892,81.7573
1980-08-31,5862.9033,-8139.20945001763,81.7573,84.28632
1980-09-30,11562.5,-4578.91014593831,84.28632,80.099335
1980-10-31,8906.25,-5112.75891614093,80.099335,79.96415
1980-11-30,4500,-9708.67806294575,79.96415,86.15937
1980-12-31,6487.24266040461,-7617.6433767052,86.15937,86.77489
1981-01-31,21614.1348540461,-3505.32258064516,86.77489,72.23765
1981-02-28,17188.6040072074,-4030.35714285714,72.23765,67.49623
1981-03-31,22276.348966386,-1890.02473104957,67.49623,65.13081
1981-04-30,11806.395920122,-1698.50660703187,65.13081,71.629654
1981-05-31,8054.68079210828,-3142.25846471,71.629654,80.44379
1981-06-30,7100,-4400,80.44379,83.42073
1981-07-31,5392.21164674818,-11446.2776634183,83.42073,85.941734
1981-08-31,3500,-5884.62179925219,85.941734,90.2522
1981-09-30,3409.91717643196,-4852.88295166863,90.2522,92.1144
1981-10-31,4937.26472881227,-5051.45680464572,92.1144,91.4294
1981-11-30,29625.1632874693,-9016.38648394346,91.4294,68.32735
1981-12-31,100716.557342116,-5290.32258064516,68.32735,53.412506
1982-01-31,92510.935071598,-4262.09677419355,53.412506,52.93924
1982-02-28,109933.489572669,-4558.89471606807,52.93924,52.77329
1982-03-31,88303.4851577332,-3419.79782245951,52.77329,53.281883
1982-04-30,131878.505079083,2784.75249603696,53.281883,52.471012
1982-05-31,27370.6398270752,-3820.16416258899,52.471012,60.955795
1982-06-30,9829.40823317697,-4494.58655016193,60.955795,72.929726
1982-07-31,8244,-9699.51506484919,72.929726,80.20694
1982-08-31,5580.645,-10752.2882155014,80.20694,83.65169
1982-09-30,12561.7950438336,-9719.25359110966,83.65169,78.12336
1982-10-31,22644.4188055168,-7082.53442374933,78.12336,66.42939
1982-11-30,40292.0038893813,-4667.41487538086,66.42939,59.141224
1982-12-31,94372.8429960706,-2362.33495867847,59.141224,53.252148
1983-01-31,113120.19993287,7926.01693013972,53.252148,52.46933
1983-02-28,215342.396911234,15058.766311677,52.46933,50.665398
1983-03-31,290675.388614646,23025.7902801226,50.665398,49.40044
1983-04-30,88912.3193087528,5697.69929945739,49.40044,53.256237
1983-05-31,62984.5813426344,4979.24216405243,53.256237,54.49418
1983-06-30,33368.4484893482,335.541130590088,54.49418,59.329597
1983-07-31,10702.9338847837,-8863.45192213547,59.329597,71.26229
1983-08-31,6876.10773750349,-9630.09872715928,71.26229,80.79964
1983-09-30,17729.4865150316,-9344.25977323264,80.79964,72.32121
1983-10-31,12924.8131972979,-8953.3307086943,72.32121,71.79388
1983-11-30,82472.1582138198,518.641557152229,71.79388,55.11719
1983-12-31,196370.89297141,6323.90379739446,55.11719,50.702465
1984-01-31,56246.5115714695,-2859.93175777088,50.702465,55.309917
1984-02-29,36001.2707310376,-4482.75862068965,55.309917,58.75479
1984-03-31,34243.7946878317,-3650,58.75479,59.660866
1984-04-30,13773.9918496761,-3716.63374997267,59.660866,68.40723
1984-05-31,9965.4271098707,-3578.49994904434,68.40723,77.09323
1984-06-30,9128.52125165295,-4505,77.09323,80.14917
1984-07-31,9653.51300437074,-10936.7716694125,80.14917,79.90748
1984-08-31,5580.645,-9436.48103830015,79.90748,83.26731
1984-09-30,11250,-5214.40338966374,83.26731,79.92073
1984-10-31,7812.5,-5819.71338962612,79.92073,80.024414
1984-11-30,20186.621259605,-8738.95334451891,80.024414,70.74239
1984-12-31,20800.678290574,-5290.32258064516,70.74239,65.74958
1985-01-31,8217.66035353691,-5000,65.74958,75.738594
1985-02-28,12870.7000531302,-4325,75.738594,76.44069
1985-03-31,14946.0612016279,-1485.02473104957,76.44069,71.64896
1985-04-30,8674.85855513002,-1836.38092143129,71.64896,77.25185
1985-05-31,9714.79236352078,-3067.80934803971,77.25185,80.33241
1985-06-30,7416.57494064317,-4475,80.33241,82.11483
1985-07-31,7505.00964127684,-9320.43959873568,82.11483,83.762505
1985-08-31,4000,-7973.76946555914,83.762505,87.61017
1985-09-30,3551.55868465558,-7502.06029251657,87.61017,90.65534
1985-10-31,4909.10683399272,-3039.50002479379,90.65534,90.87901
1985-11-30,7046.82486542307,-4133.1000288071,90.87901,89.15736
1985-12-31,8037.5206479894,-7577.5609087582,89.15736,86.64255
1986-01-31,25730.432347327,-3521.77419354839,86.64255,68.92473
1986-02-28,247710.957326956,749.518112132489,68.92473,50.71582
1986-03-31,135083.587684746,2469.18130467033,50.71582,52.46616
1986-04-30,22270.894865995,-2353.09510721992,52.46616,62.35462
1986-05-31,12366.7609440221,-3563.5616735822,62.35462,71.63338
1986-06-30,8580.28001421239,-4041.8522735926,71.63338,78.96506
1986-07-31,9173.79596119273,-9174.31005983682,78.96506,80.48321
1986-08-31,5651.2095,-6796.42110525994,80.48321,83.19221
1986-09-30,10937.5,-3291.92989853163,83.19221,79.98697
1986-10-31,7812.5,-4196.02878390542,79.98697,79.98127
1986-11-30,4500,-8335.45127848,79.98127,85.97622
1986-12-31,4885.58392672583,-5450.18113611739,85.97622,88.533
1987-01-31,15931.273229023,-1915.957571997,88.533,80.23715
1987-02-28,19688.7098167086,-3580.35714285714,80.23715,68.03122
1987-03-31,23735.7312307454,-3860.55201612609,68.03122,64.08412
1987-04-30,11507.5,-2678.05730667216,64.08412,71.6509
1987-05-31,8762.02859165565,-2759.18372038767,71.6509,79.71906
1987-06-30,7104.13759574858,-4400,79.71906,83.583305
1987-07-31,5000,-6657.4358103569,83.583305,86.7365
1987-08-31,3500,-4911.37419168876,86.7365,90.35134
1987-09-30,3000,-4321.57941703566,90.35134,92.9183
1987-10-31,4000,-2062.12004869855,92.9183,93.084885
1987-11-30,5931.94222236739,-1484.85592366409,93.084885,91.46742
1987-12-31,14330.8183237831,-5290.32258064516,91.46742,81.23369
1988-01-31,24414.0494513763,-3875.96774193548,81.23369,66.321976
1988-02-29,8471.43088314176,-3810.56153270652,66.321976,74.29027
1988-03-31,8348.67177120273,-3614.10716278305,74.29027,80.58351
1988-04-30,7816.6665,-1295.77265574271,80.58351,81.680916
1988-05-31,7100,-1659.4847913758,81.680916,85.32028
1988-06-30,7100,-2361.59365782881,85.32028,85.58633
1988-07-31,4000,-5142.43074514042,85.58633,87.96883
1988-08-31,3000,-2357.70482179095,87.96883,91.83645
1988-09-30,3000,-4130.62053083159,91.83645,93.135216
1988-10-31,3000,-1805.48491822205,93.135216,94.360695
1988-11-30,7033.79088224407,-3346.20507330575,94.360695,91.33381
1988-12-31,7163.50222230419,-3937.36712389408,91.33381,88.33918
1989-01-31,7750.4533096946,-4625,88.33918,86.81836
1989-02-28,11400,-1107.03220479949,86.81836,82.25242
1989-03-31,48026.7464045241,-4280.55201612609,82.25242,59.29837
1989-04-30,20604.8495561327,-753.618700661387,59.29837,63.911964
1989-05-31,10778.629,-3063.95972532799,63.911964,73.709946
1989-06-30,7109.45494564444,-4400,73.709946,81.5195
1989-07-31,5000,-11923.097535937,81.5195,85.332855
1989-08-31,3500,-7620.97790057774,85.332855,88.80698
1989-09-30,5641.74667352412,-8226.54528971259,88.80698,89.50513
1989-10-31,4227.25597116538,-6091.68131470869,89.50513,89.05547
1989-11-30,7972.00590536857,-106.917001995141,89.05547,87.91182
1989-12-31,4500,-3679.06409653836,87.91182,88.9969
1990-01-31,16048.3662128534,-3126.93548387097,88.9969,80.39001
1990-02-28,11545.0791346919,-3910.77376346874,80.39001,74.1363
1990-03-31,8294.08116991652,-3562.64299855048,74.1363,79.456
1990-04-30,9906.667,-1477.93390388861,79.456,79.95055
1990-05-31,8262.91562400179,-1932.2774816207,79.95055,81.28419
1990-06-30,4000,-1330.19364304989,81.28419,86.13651
1990-07-31,4000,-2920.69938701536,86.13651,90.228195
1990-08-31,3000,-2412.3091999672,90.228195,92.14227
1990-09-30,3000,-3333.63698860663,92.14227,93.09712
1990-10-31,3000,-1995.50828525037,93.09712,94.28667
1990-11-30,6846.91433299206,-1076.08136169536,94.28667,91.83695
1990-12-31,4149.2734041097,-2259.84945634096,91.83695,92.41666
1991-01-31,4589.59201629061,-719.665807789769,92.41666,92.695625
1991-02-28,7973.17105712402,-2660.79546659672,92.695625,88.78249
1991-03-31,33028.4676491622,-4280.55201612609,88.78249,65.20681
1991-04-30,11029.167,-1212.09808497389,65.20681,70.773575
1991-05-31,5020.47637096818,-2081.58817278238,70.773575,83.85793
1991-06-30,4000,-1967.55658345897,83.85793,88.611496
1991-07-31,4000,-3294.90097224686,88.611496,90.55982
1991-08-31,3000,-2809.6769750852,90.55982,92.459305
1991-09-30,3000,-3197.33800815473,92.459305,93.26402
1991-10-31,3000,-2775.54763415557,93.26402,94.28887
1991-11-30,6879.6462269893,-1560.01332249089,94.28887,91.612946
1991-12-31,5005.52914580162,-2871.2945022463,91.612946,91.36759
1992-01-31,13394.5274416499,-383.921458091852,91.36759,83.25468
1992-02-29,34476.8872079597,-3676.72413793103,83.25468,62.62019
1992-03-31,17568.6971303279,-4280.55201612609,62.62019,65.792885
1992-04-30,10028.75,-1534.38942281945,65.792885,74.95287
1992-05-31,7100,-1811.96022188777,74.95287,82.11848
1992-06-30,7100,-1391.74496382707,82.11848,84.024994
1992-07-31,4000,-3281.37853887124,84.024994,87.38526
1992-08-31,3000,-3111.20198340674,87.38526,91.48973
1992-09-30,3000,-3840.89693360362,91.48973,93.07202
1992-10-31,3075.2170849674,-2482.34504114828,93.07202,94.24131
1992-11-30,6880.3385352661,-1444.44561470293,94.24131,91.5817
1992-12-31,13202.4522265311,-5290.32258064516,91.5817,81.88064
1993-01-31,72071.4439565119,-4516.12903225806,81.88064,55.790035
1993-02-28,62143.22605435,-4223.21428571429,55.790035,54.654392
1993-03-31,57028.8255145372,-1248.88884393223,54.654392,55.172646
1993-04-30,31142.4966659505,-2349.18993044674,55.172646,60.05025
1993-05-31,19402.69443783,-3798.94864824628,60.05025,65.3192
1993-06-30,14235.03964626,-4490,65.3192,70.52863
1993-07-31,9223.21632019116,-11182.996905179,70.52863,78.25513
1993-08-31,6188.90329999999,-11126.0718771689,78.25513,82.784676
1993-09-30,11275.5,-10488.5250448603,82.784676,79.588005
1993-10-31,8906.25,-5172.53388491531,79.588005,80.03896
1993-11-30,5258.11059769267,-8824.70096099543,80.03896,85.422295
1993-12-31,6725.29696042076,-8090.74653690837,85.422295,85.97598
1994-01-31,7810.07460161492,-4726.30864829175,85.97598,85.81707
1994-02-28,21397.2213681243,-3580.35714285714,85.81707,72.71355
1994-03-31,11655.9894091506,-2406.09701466852,72.71355,72.18829
1994-04-30,9264.02886725729,-1824.53980816211,72.18829,78.76138
1994-05-31,7100,-2143.4026966763,78.76138,82.85589
1994-06-30,7100,-4539.0611847371,82.85589,83.9496
1994-07-31,4000,-6872.39971250873,83.9496,87.50979
1994-08-31,3000,-4671.69088555677,87.50979,91.25114
1994-09-30,3000,-3832.1627908845,91.25114,92.7868
1994-10-31,3118.92704019834,-2549.1436837657,92.7868,94.09748
1994-11-30,8725.06979897685,-1192.03932124255,94.09748,89.76046
1994-12-31,5438.42262577039,-10199.9642608601,89.76046,88.03758
1995-01-31,141892.163490769,-3645.16129032258,88.03758,53.520294
1995-02-28,58289.7344605957,-4464.28571428571,53.520294,54.961708
1995-03-31,202572.307012044,-4025,54.961708,51.593884
1995-04-30,62823.8879829438,-3821.99791929853,51.593884,54.64961
1995-05-31,69004.5921506747,-552.571730722772,54.64961,54.11942
1995-06-30,24754.3905474681,-4501.48605207783,54.11942,61.9779
1995-07-31,8616.88714515371,-9564.97179684897,61.9779,74.60079
1995-08-31,5368.9517,-10844.5513211944,74.60079,83.17082
1995-09-30,10781.25,-10941.3598977001,83.17082,80.007225
1995-10-31,8125,-6381.75256582111,80.007225,80.09286
1995-11-30,4500,-9944.76058299575,80.09286,86.07718
1995-12-31,28036.3833091771,-5290.32258064516,86.07718,67.52062
1996-01-31,42105.4269988444,-4516.12903225806,67.52062,58.272015
1996-02-29,144442.299972947,-4266.63660094176,58.272015,52.261124
1996-03-31,72072.8059381483,-4550,52.261124,53.85643
1996-04-30,32473.5041786819,-3716.63374997267,53.85643,59.24127
1996-05-31,41177.6558128108,-3964.83146725119,59.24127,58.194862
1996-06-30,7766.16829883349,-4505,58.194862,73.19933
1996-07-31,8336.9347117839,-11172.3866690564,73.19933,81.72482
1996-08-31,5552.0806,-10235.0778851915,81.72482,83.52082
1996-09-30,10937.5,-8486.14534442303,83.52082,79.938156
1996-10-31,8125,-7124.99843495078,79.938156,80.01666
1996-11-30,9574.97670584169,-8629.81139243868,80.01666,80.95784
1996-12-31,108573.858870376,-3452.32784620229,80.95784,53.852642
1997-01-31,298059.453980825,24203.9855781682,53.852642,48.843758
1997-02-28,69084.4805039024,857.291837330292,48.843758,54.257877
1997-03-31,18791.206667901,-4404.85712777242,54.257877,64.045784
1997-04-30,12812.1028891245,-3077.46959793814,64.045784,71.644646
1997-05-31,9612.50766014342,-2969.93973254413,71.644646,78.435905
1997-06-30,10450.1189070464,-3772.48455409147,78.435905,79.16366
1997-07-31,9474.84191003901,-10874.22927827,79.16366,79.366486
1997-08-31,5721.7744,-10496.9665482598,79.366486,83.03327
1997-09-30,10781.25,-4847.74415598254,83.03327,80.05218
1997-10-31,8125,-5353.87653790908,80.05218,79.95192
1997-11-30,8055.62343073021,-8713.61156126909,79.95192,82.40629
1997-12-31,14891.2412629208,-5290.32258064516,82.40629,75.57578
1998-01-31,89421.551324758,-4516.12903225806,75.57578,54.336803
1998-02-28,294260.439633652,3656.5938450304,54.336803,49.2028
1998-03-31,96673.7169971343,-4550,49.2028,52.96448
1998-04-30,49746.2151804067,-2527.19190567473,52.96448,55.864468
1998-05-31,64972.4439851972,-333.70314346602,55.864468,54.414654
1998-06-30,47819.6937197993,-2252.27579276709,54.414654,56.070778
1998-07-31,12774.1575899647,-8304.4171775765,56.070778,68.465645
1998-08-31,9082.15538005198,-9450.20926652193,68.465645,77.61416
1998-09-30,13828.8574514162,-9750.82720058776,77.61416,74.671036
1998-10-31,11841.1220593512,-9050.37242652198,74.671036,74.628006
1998-11-30,25369.3325288997,-8785.5997529117,74.628006,65.97557
1998-12-31,33818.7059359738,-5290.32258064516,65.97557,60.523594
1999-01-31,41371.7184311803,-4516.12903225806,60.523594,58.24529
1999-02-28,127855.010575371,-4625,58.24529,52.554504
1999-03-31,67398.2874182365,-4550,52.554504,54.1241
1999-04-30,22371.0885827893,-3137.52208638966,54.1241,62.552143
1999-05-31,12410.1691517303,-4055.01574231961,62.552143,71.71074
1999-06-30,7974.51760894721,-4505,71.71074,79.511375
1999-07-31,9514.18444791698,-10137.5728615429,79.511375,80.47757
1999-08-31,5765.516,-9354.98966749079,80.47757,82.929276
1999-09-30,10937.5,-6787.76463112282,82.929276,79.979706
1999-10-31,8125,-5894.11672674336,79.979706,79.94717
1999-11-30,5782.68369062434,-9608.96134544043,79.94717,84.71536
1999-12-31,5455.6558403673,-3843.21396363346,84.71536,86.80281
2000-01-31,27864.6394443324,-3645.16129032258,86.80281,68.31628
2000-02-29,134030.165726117,-4447.21573152389,68.31628,52.937305
2000-03-31,83990.8253789066,-4025,52.937305,53.348564
2000-04-30,20803.9655445902,54.4582641566221,53.348564,62.929607
2000-05-31,10603.2326433183,-4037.77661962403,62.929607,73.91093
2000-06-30,8588.69195903936,-4490,73.91093,80.15119
2000-07-31,10856.5663994155,-10568.8672983266,80.15119,79.506935
2000-08-31,5792.339,-10478.6397775145,79.506935,82.98928
2000-09-30,11250,-4368.83679934311,82.98928,80.0308
2000-10-31,8750,-5355.4739037538,80.0308,79.97885
2000-11-30,4500,-7989.6403283683,79.97885,86.299515
2000-12-31,5110.99542182648,-4227.79790545278,86.299515,89.5871
2001-01-31,13543.1556741062,-4745,89.5871,82.15595
2001-02-28,23761.6499288875,-3580.35714285714,82.15595,66.960434
2001-03-31,22936.2463584908,-1890.02473104957,66.960434,63.970245
2001-04-30,11065.1887475057,-1580.1310219484,63.970245,72.41415
2001-05-31,9054.31629360177,-3108.21886607592,72.41415,79.750916
2001-06-30,7100,-3633.61102835518,79.750916,83.457115
2001-07-31,5000,-6138.78853936984,83.457115,86.88317
2001-08-31,4099.88176117445,-4596.12016544436,86.88317,89.95034
2001-09-30,3000,-5194.58494605879,89.95034,92.487045
2001-10-31,4970.13582294128,-1541.89966320557,92.487045,91.81335
2001-11-30,6614.83681138213,-5500.88489323985,91.81335,89.58579
2001-12-31,36405.2993188792,-5290.32258064516,89.58579,64.731224
2002-01-31,47009.3555283545,-3875.96774193548,64.731224,57.157425
2002-02-28,17169.643,-4030.35714285714,57.157425,65.167854
2002-03-31,20197.008434338,-1485.02473104957,65.167854,66.45025
2002-04-30,10241.6164909016,-1675.07175060612,66.45025,73.87635
2002-05-31,9218.45671033973,-2439.11971894191,73.87635,79.96958
2002-06-30,7792.14501480491,-4475,79.96958,82.704605
2002-07-31,6501.13410730287,-7604.15816571283,82.704605,84.7335
2002-08-31,4482.53480082251,-8706.9796463995,84.7335,87.58408
2002-09-30,3151.38795512478,-5422.11980639907,87.58408,91.23085
2002-10-31,4000,-4128.98713463521,91.23085,92.43122
2002-11-30,6108.71727673594,-4539.36385429359,92.43122,91.0722
2002-12-31,41542.8161929673,-5290.32258064516,91.0722,63.243572
2003-01-31,58774.2511062912,-4363.70967741936,63.243572,55.477825
2003-02-28,22073.8124992976,-3741.07142857143,55.477825,62.759197
2003-03-31,21455.8125415232,-1428.21325414208,62.759197,64.99999
2003-04-30,32398.0325137313,-1462.78768553058,64.99999,61.072205
2003-05-31,32699.4962290036,-2300.00713189901,61.072205,60.44963
2003-06-30,7729.1665,-4490,60.44963,74.201225
2003-07-31,10448.2361994902,-10955.0806889018,74.201225,79.59386
2003-08-31,5765.516,-11604.7093884671,79.59386,82.68766
2003-09-30,10937.5,-10192.9193776668,82.68766,80.09001
2003-10-31,9062.5,-3144.21030330402,80.09001,80.02639
2003-11-30,5116.0407935747,-7687.49104133084,80.02639,85.352875
2003-12-31,24432.3188807278,-5290.32258064516,85.352875,70.07294
2004-01-31,35749.9344827746,-4343.38709677419,70.07294,60.0549
2004-02-29,92687.3621920031,-4187.93103448276,60.0549,53.572044
2004-03-31,46792.1785982538,-2982.36021501458,53.572044,56.418827
2004-04-30,15690.0675856302,-819.607586704636,56.418827,66.2538
2004-05-31,8743.86683593177,-2201.0203804457,66.2538,77.357605
2004-06-30,9576.58317717008,-4490,77.357605,80.54758
2004-07-31,10439.8640155285,-11362.8897667303,80.54758,79.49483
2004-08-31,6242.9033,-11604.3676915907,79.49483,82.87971
2004-09-30,10937.5,-5779.87739590234,82.87971,80.03821
2004-10-31,8750,-5074.87977003971,80.03821,80.09801
2004-11-30,4500,-6382.18620189621,80.09801,86.159195
2004-12-31,16530.5389577212,-5290.32258064516,86.159195,77.37932
2005-01-31,39705.8185784754,-4343.38709677419,77.37932,60.03555
2005-02-28,26633.9281859101,-4030.35714285714,60.03555,61.833717
2005-03-31,41661.141198347,-1173.88884393223,61.833717,58.367264
2005-04-30,20348.398435331,-3224.33090273476,58.367264,64.35625
2005-05-31,49652.9511531612,-3919.14057487419,64.35625,57.429337
2005-06-30,19424.4514688783,-4850,57.429337,64.58125
2005-07-31,6500,-9117.18837610601,64.58125,79.00637
2005-08-31,4000,-10704.1709088047,79.00637,86.01445
2005-09-30,3671.96651344177,-9103.69559217435,86.01445,88.835045
2005-10-31,4000,-9016.64279614434,88.835045,91.38896
2005-11-30,5494.86118194536,-7133.95049148953,91.38896,91.53279
2005-12-31,90448.4640478529,-5290.32258064516,91.53279,56.536797
2006-01-31,138450.103390202,-5000,56.536797,52.354664
2006-02-28,59586.499529989,-4464.28571428571,52.354664,54.83319
2006-03-31,132418.812706025,-2018.58295867038,54.83319,52.50938
2006-04-30,145609.956510296,1994.94767027465,52.50938,52.21951
2006-05-31,48807.6243369432,4228.45854085128,52.21951,56.242733
2006-06-30,11331.65,-4215.57564893321,56.242733,69.45702
2006-07-31,8000,-7755.98886229296,69.45702,79.438385
2006-08-31,5510.0806,-10726.727652491,79.438385,83.66944
2006-09-30,11026.25,-10528.62975748,83.66944,79.75247
2006-10-31,7812.5,-7115.53879371143,79.75247,80.08046
2006-11-30,5330.13533176758,-9418.25194635722,80.08046,84.976105
2006-12-31,15633.9092517788,-5290.32258064516,84.976105,76.41697
2007-01-31,6000,-5000,76.41697,80.08991
2007-02-28,24954.2747747797,-4030.35714285714,80.08991,69.049614
2007-03-31,15288.5900500456,-1393.31635014096,69.049614,68.04604
2007-04-30,11092.9015344773,-1590.21691185526,68.04604,74.706535
2007-05-31,8900.03501886576,-2844.27848045892,74.706535,79.556435
2007-06-30,7550.32327440846,-4475,79.556435,82.34443
2007-07-31,8657.07514480265,-11522.2246864393,82.34443,82.44699
2007-08-31,4141.79522552434,-11631.7248354364,82.44699,86.37575
2007-09-30,3378.63428586168,-5643.28308184575,86.37575,90.32464
2007-10-31,4000.69446794893,-4834.44184769859,90.32464,92.02406
2007-11-30,5170.63300415149,-1683.82231766326,92.02406,92.20622
2007-12-31,8271.79894940138,-3387.69558663434,92.20622,88.611916
2008-01-31,26454.7567134227,-3521.77419354839,88.611916,68.154274
2008-02-29,21400.994496476,-4040.51724137931,68.154274,64.62883
2008-03-31,16237.365914071,-2570.50880220207,64.62883,68.09637
2008-04-30,9661.12890523997,-2208.45545644209,68.09637,75.876366
2008-05-31,9256.67850433654,-1270.97132671431,75.876366,80.13429
2008-06-30,7100,-3595.5577940371,80.13429,82.6384
2008-07-31,5000,-5063.84589399318,82.6384,86.164215
2008-08-31,3901.68458350206,-2752.03587240026,86.164215,89.68412
2008-09-30,3000,-4579.73224052308,89.68412,92.10713
2008-10-31,4000,-1748.81026984044,92.10713,92.626816
2008-11-30,5380.9743512032,-1712.95561543116,92.626816,92.421616
2008-12-31,7912.56551061538,-2144.4782548115,92.421616,89.01037
2009-01-31,4991.25559802908,-4055,89.01037,89.42122
2009-02-28,26466.6321778006,-3808.03571428571,89.42122,70.74832
2009-03-31,24436.5962534896,-3860.55201612609,70.74832,63.241196
2009-04-30,16631.4432166183,-1990.38774752888,63.241196,67.62346
2009-05-31,9533.12221496335,-1232.86193065241,67.62346,76.29743
2009-06-30,9282.5,-4400,76.29743,80.23292
2009-07-31,5000,-6310.32994137469,80.23292,84.01359
2009-08-31,3500,-4768.71551097223,84.01359,88.63436
2009-09-30,3000,-4891.63455345168,88.63436,91.734856
2009-10-31,4433.18273873271,-4827.75072756285,91.734856,92.06854
2009-11-30,4500,-2081.04871246962,92.06854,92.77837
2009-12-31,6921.71038029972,-3287.70411180144,92.77837,90.81075
2010-01-31,29314.1160097711,-3126.93548387097,90.81075,68.40137
2010-02-28,32437.944621679,-4030.35714285714,68.40137,60.50845
2010-03-31,21541.8783444731,-1485.02473104957,60.50845,63.985527
2010-04-30,26556.0947718024,-2746.33094638183,63.985527,63.14753
2010-05-31,18202.0348867619,-3248.71290903459,63.14753,66.637726
2010-06-30,9613.48130163954,-4475,66.637726,75.29695
2010-07-31,6500,-10695.6408849257,75.29695,82.597855
2010-08-31,4803.62855578193,-10910.3180567157,82.597855,85.66291
2010-09-30,4470.66303681834,-9253.9441343836,85.66291,87.6814
2010-10-31,8178.11679702967,-9568.43188556191,87.6814,85.88307
2010-11-30,6407.59188086484,-9170.05871577018,85.88307,85.51754
2010-12-31,68358.1696276229,-5290.32258064516,85.51754,57.17243
2011-01-31,34030.9556067009,-4516.12903225806,57.17243,59.23123
2011-02-28,37658.1394385728,-4223.21428571429,59.23123,58.962364
2011-03-31,142411.894670289,3463.79706445081,58.962364,52.48838
2011-04-30,47367.9112519788,-3798.9938495617,52.48838,56.36285
2011-05-31,34858.7134369292,-4708.50142330097,56.36285,59.26443
2011-06-30,31076.2527547057,-5000,59.26443,60.85473
2011-07-31,9027.30540023895,-9717.84873161168,60.85473,73.03075
2011-08-31,5542.82619604578,-10065.7195141673,73.03075,82.93251
2011-09-30,10625,-10128.9481318056,82.93251,80.03847
2011-10-31,8437.5,-8737.98495700739,80.03847,80.05827
2011-11-30,4975.48130187218,-9357.20160092714,80.05827,85.14887
2011-12-31,4500,-6143.45890864422,85.14887,89.4453
2012-01-31,9984.19589656239,-5000,89.4453,86.32052
2012-02-29,10889.655,-3175.49256410004,86.32052,81.87434
2012-03-31,23340.5786464505,-3860.55201612609,81.87434,67.05169
2012-04-30,22737.1031989366,-194.326338671867,67.05169,64.29272
2012-05-31,10768.8914261761,-3151.62913758692,64.29272,72.98959
2012-06-30,7105.76502600277,-4475,72.98959,81.542244
2012-07-31,7604.63956413973,-11676.8237708887,81.542244,82.96663
2012-08-31,4000,-11582.570375,82.96663,86.51767
2012-09-30,3637.72660702144,-7028.20390261981,86.51767,89.430214
2012-10-31,4000,-5938.36218708028,89.430214,91.62691
2012-11-30,7185.23688445048,-7334.04465976154,91.62691,90.20773
2012-12-31,62680.5613631422,-5290.32258064516,90.20773,58.0568
2013-01-31,19185.9644680141,-4363.70967741936,58.0568,64.240486
2013-02-28,17534.236035707,-3875,64.240486,67.63742
2013-03-31,10957.2113215679,-1516.68260381257,67.63742,73.741776
2013-04-30,9728.38644988765,-1556.43715577808,73.741776,78.550316
2013-05-31,9620.8735032877,-2721.07591683616,78.550316,80.16958
2013-06-30,7109.91149077164,-4400,80.16958,82.3314
2013-07-31,5000,-8723.04314231068,82.3314,85.96798
2013-08-31,3500,-8272.19480007217,85.96798,89.80521
2013-09-30,3778.01881933625,-5092.5620371766,89.80521,91.51556
2013-10-31,4000,-1960.82653237699,91.51556,91.97565
2013-11-30,4738.09779877484,-2097.38983056862,91.97565,92.97362
2013-12-31,7086.44765172922,-1026.85351112844,92.97362,90.38033
2014-01-31,4780.96536503288,-1558.5427774796,90.38033,90.42015
2014-02-28,12237.4257757491,-3808.03571428571,90.42015,84.12413
2014-03-31,14518.8510877113,-4280.55201612609,84.12413,74.09359
2014-04-30,9920,-1049.79509141766,74.09359,76.73461
2014-05-31,4097.58064516774,-1595.86198664207,76.73461,85.5712
2014-06-30,4000,-2384.64034915936,85.5712,89.280556
2014-07-31,4000,-3146.46958178785,89.280556,91.14773
2014-08-31,3000,-2423.35893327963,91.14773,92.572556
2014-09-30,3000,-3985.88868388945,92.572556,93.41253
2014-10-31,3000,-1608.50888605485,93.41253,94.34445
2014-11-30,6298.70216110324,-739.593116453768,94.34445,92.31661
2014-12-31,38695.6973942231,-5290.32258064516,92.31661,63.925915
2015-01-31,6000,-4180.05451963718,63.925915,75.39659
2015-02-28,15341.0329989045,-3982.14285714286,75.39659,76.55731
2015-03-31,11400,-1297.15551558789,76.55731,74.940216
2015-04-30,7081.66666667,-1108.6040294977,74.940216,80.94115
2015-05-31,7100,-1725.33304800109,80.94115,84.4495
2015-06-30,7100,-1634.60864846515,84.4495,84.219894
2015-07-31,4000,-2789.51100965244,84.219894,87.851746
2015-08-31,3000,-1445.18826718581,87.851746,91.52003
2015-09-30,3000,-3107.80026959748,91.52003,93.08089
2015-10-31,3120.68723486533,-1911.21874162219,93.08089,94.28751
2015-11-30,7989.40188201064,339.200141964488,94.28751,90.39057
2015-12-31,7428.70933212507,-4790.82309980881,90.39057,87.231865
2016-01-31,31152.2629799991,-4262.09677419355,87.231865,65.86614
2016-02-29,20025.861,-2654.4706361741,65.86614,64.70222
2016-03-31,55615.0314241038,-1890.02473104957,64.70222,56.312107
2016-04-30,19489.4832845624,-1754.63580277211,56.312107,64.17854
2016-05-31,8585.75133276448,-2833.36069046979,64.17854,76.54781
2016-06-30,7782.01510403468,-4475,76.54781,81.9269
2016-07-31,6500,-8078.16053361081,81.9269,83.879395
2016-08-31,4000,-8521.65510324671,83.879395,87.805115
2016-09-30,3000,-5605.63291704344,87.805115,91.44423
2016-10-31,4404.07535014007,-5994.99337365676,91.44423,92.13302
2016-11-30,7489.01677896962,-8330.55637513549,92.13302,89.59477
2016-12-31,47255.4438603449,-5290.32258064516,89.59477,60.70228
2017-01-31,145318.630700301,-4516.12903225806,60.70228,51.928524
2017-02-28,297633.246091342,13162.9854268908,51.928524,49.006653
2017-03-31,100943.562784306,-3783.49200954132,49.006653,52.882114
2017-04-30,70529.1411462644,-1027.94513442482,52.882114,53.93495
2017-05-31,28786.3128969976,-3753.11808818284,53.93495,60.710392
2017-06-30,14375.8307457249,-2996.36437777728,60.710392,68.4264
2017-07-31,8000,-7244.99263029313,68.4264,78.17188
2017-08-31,5651.2095,-10659.9122023206,78.17188,83.43404
2017-09-30,10625,-9766.52954098252,83.43404,79.9822
2017-10-31,8125,-5723.09209334078,79.9822,79.91476
2017-11-30,11743.3623622291,-9132.07919564493,79.91476,78.77377
2017-12-31,7616.18171026441,-9693.5569642236,78.77377,80.77361
2018-01-31,18454.2160393678,-3645.16129032258,80.77361,73.75259
2018-02-28,10312.5,-3716.36732827927,73.75259,73.96812
2018-03-31,34679.7381862888,-1890.02473104957,73.96812,62.147984
2018-04-30,27890.4888293002,-2415.61041550247,62.147984,61.5285
2018-05-31,13024.193,-3220.55451302655,61.5285,70.334625
2018-06-30,6605.66713449767,-4475,70.334625,80.50148
2018-07-31,7925.4132874831,-8547.60620118041,80.50148,83.09048
2018-08-31,4000,-8669.05915675207,83.09048,86.36275
2018-09-30,3104.98998795519,-6934.00495987386,86.36275,90.19294
2018-10-31,5175.8991899105,-4377.64531574744,90.19294,90.487366
2018-11-30,5858.28904539746,-6621.75054780891,90.487366,90.26139
2018-12-31,11266.9457611201,-7535.39869617698,90.26139,84.17364
2019-01-31,34555.9526310572,-3521.77419354839,84.17364,62.971695
2019-02-28,114267.566365894,-4175,62.971695,52.944145
2019-03-31,119639.007186215,-4025,52.944145,52.697258
2019-04-30,59327.6003147823,-151.100358903347,52.697258,54.829
2019-05-31,31332.6986765273,-4989.78211522942,54.829,59.885952
2019-06-30,14128.4559221487,-4869.72277746081,59.885952,68.45421
2019-07-31,8244,-9361.53481889848,68.45421,78.325356
2019-08-31,5439.516,-10308.0927467128,78.325356,83.75091
2019-09-30,11274.5,-10322.2675827391,83.75091,79.563675
2019-10-31,7812.5,-5847.76765105666,79.563675,80.03295
2019-11-30,6578.95031655437,-9096.5270234378,80.03295,83.946785
2019-12-31,18546.9167519487,-5290.32258064516,83.946785,74.78179
2020-01-31,11624.2615162227,-5000,74.78179,73.435005
2020-02-29,11169.2980197627,-4325,73.435005,76.29979
2020-03-31,12638.9834438605,-1697.64721430315,76.29979,74.76945
2020-04-30,8480.22431678492,-1684.98376231039,74.76945,78.8589
2020-05-31,10324.1281566415,-2736.21301182535,78.8589,79.890945
2020-06-30,7106.22033612505,-4400,79.890945,81.95113
2020-07-31,5000,-5534.00787304042,81.95113,86.23582
2020-08-31,3520.56770007025,-2368.79867348674,86.23582,90.38612
2020-09-30,3000,-4921.4402782223,90.38612,92.669586
2020-10-31,5002.63414451829,-1740.46968443459,92.669586,91.91813
2020-11-30,5286.97205441494,-1699.56674343639,91.91813,91.34007
2020-12-31,7875.88486411181,-2925.80163346107,91.34007,88.5525
2021-01-31,5831.63824692463,-3878.08476217983,88.5525,88.18965
2021-02-28,13329.4847677241,-1172.01113542131,88.18965,81.667854
2021-03-31,8509.678,-1080.44662175907,81.667854,80.569016
2021-04-30,7816.6665,-1696.45941823038,80.569016,82.51212
2021-05-31,4427.53303563041,-1592.93192610893,82.51212,87.33273
2021-06-30,4000,-2488.85466887939,87.33273,90.55162
2021-07-31,4000,-4900.58343891202,90.55162,92.35858
2021-08-31,3151.20516464711,-2948.17024326006,92.35858,92.57064
2021-09-30,3000,-2803.26485975718,92.57064,NA
